ExperimentType,R_on,R_off,T_ref,RepeatIndex,TriggerRatePercent,AvgCPUms,MaxCPUms,StdCPUms,MinDistanceMeter,MinClearanceMeter,Success,Collision,SwitchCount,Steps
R_on,0.4,0.1,5,1,88.3211678832117,2277.30627591241,2913.1911,835.851704903921,3.04144787862014,1.45214827782789,1,0,1,137
R_on,0.4,0.1,5,2,86.3636363636364,2288.39525909091,3112.7273,915.633124075481,4.62491113693712,2.9729726289183,1,0,1,132
R_on,0.4,0.1,5,3,88.8888888888889,2356.67465259259,2807.8704,837.739540780169,3.31141680135344,1.29426467376614,1,0,1,135
R_on,0.4,0.1,5,4,88.6363636363636,2347.52031666667,2893.3954,845.277556976362,3.90221568264548,2.01738254916325,1,0,1,132
R_on,0.4,0.1,5,5,87.2340425531915,2316.25197943262,2813.5502,890.79402061772,3.04996666818168,1.29778971305416,1,0,1,141
R_on,0.4,0.1,5,6,86.8421052631579,2316.03133070175,2811.8838,906.682197814063,2.78260811747662,1.00878056738124,0,1,1,114
R_on,0.4,0.1,5,7,87.0229007633588,2299.15015877863,2764.245,892.220568766939,3.86488773251738,2.2351919407947,1,0,1,131
R_on,0.4,0.1,5,8,85.8208955223881,2280.00098358209,2928.9676,931.796917066409,4.84275163356821,2.88039970008299,1,0,1,134
R_on,0.4,0.1,5,9,85.2941176470588,2263.77890661765,2848.0416,944.672609567679,4.76383286982912,3.14133597236099,1,0,1,136
R_on,0.4,0.1,5,10,87.5,2284.41158088235,2965.8238,874.275632373004,4.09451808741433,2.21706095213334,1,0,1,136
R_on,0.4,0.1,5,11,89.1156462585034,2202.33211836735,2630.3925,773.399582333987,3.17498276512196,1.2016322647331,1,0,1,147
R_on,0.4,0.1,5,12,87.0229007633588,2141.49522824428,2590.548,830.891837289449,4.30158440618463,2.46951483224132,1,0,1,131
R_on,0.4,0.1,5,13,89.6296296296296,2212.67242148148,2986.1607,757.473017789561,4.1129024287181,2.22095195466101,1,0,1,135
R_on,0.4,0.1,5,14,89.3129770992366,2200.33557328244,2593.542,764.72079959159,4.2048520128389,2.26787927795323,1,0,1,131
R_on,0.4,0.1,5,15,83.969465648855,2066.34069923664,2578.8008,906.71004536679,4.68161371199157,2.88583316682339,1,0,1,131
R_on,0.4,0.1,5,16,86.3636363636364,2142.75707121212,2767.3792,855.706744422033,3.2721152950678,1.47318018514312,1,0,1,132
R_on,0.4,0.1,5,17,88.5714285714286,2194.317675,2728.1725,792.320315758104,3.25391373560755,1.36220657411795,1,0,1,140
R_on,0.4,0.1,5,18,91.8032786885246,2279.5489704918,2617.8347,684.008440463484,2.73787331467202,0.818193560493333,1,0,1,183
R_on,0.4,0.1,5,19,88.7323943661972,2195.91493591549,2608.4957,786.074593531918,3.87956367092199,2.00706209395508,1,0,1,142
R_on,0.4,0.1,5,20,87.0229007633588,2150.54977175573,2600.7084,834.209672168585,3.76612056646726,2.14896263190799,1,0,1,131
R_on,0.4,0.1,5,21,84.7328244274809,2094.47692900763,2609.9205,893.07463936868,4.09080984964044,2.15502970411938,1,0,1,131
R_on,0.4,0.1,5,22,87.1212121212121,2206.86564469697,2731.3559,854.363536124437,3.13099165797543,1.53159906118073,1,0,1,132
R_on,0.4,0.1,5,23,88.7218045112782,2347.85965714286,2784.8275,841.569347291937,3.63077640111837,1.9476533398016,1,0,1,133
R_on,0.4,0.1,5,24,87.218045112782,2303.41888796992,2770.5942,886.163014390041,3.94581369345145,2.00688440815607,1,0,1,133
R_on,0.4,0.1,5,25,88.3211678832117,2347.47659416058,3305.8821,859.95434868732,4.14505899155446,2.43341669645199,1,0,1,137
R_on,0.5,0.2,5,1,80.3030303030303,2128.01954924242,2832.2354,1058.88608364964,3.65866495261997,1.89973028604391,1,0,2,132
R_on,0.5,0.2,5,2,80.4511278195489,2133.75820300752,2817.5497,1056.72372729291,3.5446521108173,1.63717709946899,1,0,2,133
R_on,0.5,0.2,5,3,65.7534246575342,1752.36659041096,2860.7701,1274.06214122067,3.38587687951179,1.47362631328542,0,1,1,73
R_on,0.5,0.2,5,4,81.4814814814815,2155.59753851852,2829.6872,1032.49251387907,3.94536216342104,2.34473987012276,1,0,2,135
R_on,0.5,0.2,5,5,82.7067669172932,2191.8674556391,3002.8494,1007.74524835213,4.1292306557157,2.27569217686979,1,0,2,133
R_on,0.5,0.2,5,6,80.3030303030303,2124.59835075758,2785.6519,1057.12279868049,3.27042421847649,1.53274168536519,1,0,2,132
R_on,0.5,0.2,5,7,83.6879432624114,2222.60742198582,3409.4329,988.409919884033,3.90167799494579,1.90359657351289,1,0,2,141
R_on,0.5,0.2,5,8,78.9855072463768,2092.93101666667,2840.4224,1084.5626953801,3.62661568256963,1.75610248709348,1,0,2,138
R_on,0.5,0.2,5,9,86.0294117647059,2281.68156617647,2808.9869,923.986314981378,4.13802279303309,2.21005434262096,1,0,2,136
R_on,0.5,0.2,5,10,79.6992481203008,2109.21350150376,2902.5399,1069.56204043346,3.52238272431524,1.69877378236463,1,0,2,133
R_on,0.5,0.2,5,11,79.3893129770992,2099.64641603053,2918.028,1075.15920099931,3.68900649407274,2.02360567469372,1,0,2,131
R_on,0.5,0.2,5,12,80.2919708029197,2129.01268467153,2984.6849,1059.96097524215,3.55598694661519,1.62141069514,1,0,2,137
R_on,0.5,0.2,5,13,60.2941176470588,1605.05000441176,2816.3914,1312.83503208738,2.73183291854442,0.851480806102473,0,1,1,68
R_on,0.5,0.2,5,14,77.6119402985075,1953.88268880597,2848.2462,1056.0036517222,4.80372593292897,2.83701871535598,1,0,2,134
R_on,0.5,0.2,5,15,83.206106870229,2058.30300992366,3380.7685,932.263305741682,4.73425698400547,2.84855256596159,1,0,1,131
R_on,0.5,0.2,5,16,80.9160305343512,1995.33344656488,2558.2699,973.137266707585,2.79150758708584,1.17007969779557,1,0,2,131
R_on,0.5,0.2,5,17,84.6715328467153,2095.40754379562,2618.4628,895.445277693885,4.01911143748145,2.07146029200015,1,0,2,137
R_on,0.5,0.2,5,18,83.3333333333333,2059.81900833333,2573.461,924.697201056297,2.63026730913099,0.70899501737217,1,0,2,156
R_on,0.5,0.2,5,19,81.1188811188811,2003.41444615385,2602.808,970.491210235329,3.47550995311993,1.68759915262803,1,0,2,143
R_on,0.5,0.2,5,20,79.6992481203008,1973.75660902256,2614.5625,1000.52397560441,4.08697049348663,2.25661943194665,1,0,2,133
R_on,0.5,0.2,5,21,80.3030303030303,1977.45705454545,2566.2469,983.356455268454,4.49259826702758,2.67094861373534,1,0,2,132
R_on,0.5,0.2,5,22,83.6879432624114,2066.69781914894,2624.0365,916.386478268749,3.47207431620672,1.67251637766324,1,0,2,141
R_on,0.5,0.2,5,23,79.3893129770992,1959.13020534351,2610.0577,1002.59741365335,3.53454465669021,1.93986000518091,1,0,2,131
R_on,0.5,0.2,5,24,81.203007518797,2003.01148571429,2592.2133,967.906167619507,4.58608090351682,2.56848028467981,1,0,2,133
R_on,0.5,0.2,5,25,73.0769230769231,1807.35864679487,2620.082,1101.16982850444,3.70780650784037,1.76423965846933,1,0,2,156
R_on,0.6,0.3,5,1,75,1851.97093560606,2582.8803,1073.67034811064,4.8365753927771,2.68728335419887,1,0,2,132
R_on,0.6,0.3,5,2,75.6944444444444,1884.29193263889,2729.6038,1072.4461942879,3.7904879400942,2.20694108014624,1,0,2,144
R_on,0.6,0.3,5,3,77.9411764705882,1926.75358235294,2598.3854,1029.1953877279,3.9501855626907,2.05002698697193,1,0,2,136
R_on,0.6,0.3,5,4,74.4525547445255,1844.28558175182,2829.1539,1085.09209374273,3.75382090959965,1.99287521434019,1,0,2,137
R_on,0.6,0.3,5,5,75.5725190839695,1868.78386641221,2568.8303,1066.89688185438,4.96326174924558,2.9573141242418,1,0,2,131
R_on,0.6,0.3,5,6,73.4848484848485,1812.0819030303,2611.2548,1092.88284728541,5.01177297945649,3.16766395702419,1,0,2,132
R_on,0.6,0.3,5,7,75.187969924812,1873.51830827068,3236.0008,1083.10879543968,3.14931514739869,1.42559897799066,1,0,2,133
R_on,0.6,0.3,5,8,74.2424242424242,1836.0117469697,2588.5607,1085.988537275,3.60504855559525,1.9676355391601,1,0,2,132
R_on,0.6,0.3,5,9,80.2469135802469,1990.41722407407,2610.43,991.204148245994,4.10013949971544,2.39893678953884,1,0,2,162
R_on,0.6,0.3,5,10,78.5185185185185,1941.24359777778,2599.1649,1019.54954868142,3.82754456560965,1.88585009303122,1,0,2,135
R_on,0.6,0.3,5,11,75.3521126760563,1869.23807042254,2618.9591,1073.54171503735,4.14321935043599,2.17437583558525,1,0,2,142
R_on,0.6,0.3,5,12,78.7096774193548,1960.62173096774,2643.0601,1023.80450850683,2.49086425659124,0.912279201488392,1,0,2,155
R_on,0.6,0.3,5,13,75.3623188405797,1870.34480072464,2615.3781,1073.86167334674,3.56303595955316,1.87498581160941,1,0,2,138
R_on,0.6,0.3,5,14,76.1194029850746,1883.30465820896,2575.0259,1059.15430070129,3.41288944006673,1.41641382034505,1,0,2,134
R_on,0.6,0.3,5,15,74.8091603053435,1852.19868167939,2631.3403,1079.41958979118,3.95460376342049,2.35186020381048,1,0,2,131
R_on,0.6,0.3,5,16,75.5725190839695,1873.05080839695,2601.2365,1069.46701427455,4.72749916911076,2.81261407961367,1,0,2,131
R_on,0.6,0.3,5,17,76.9230769230769,1904.35661692308,2610.3763,1047.5676763223,2.90249888158402,1.2069162363102,1,0,2,130
R_on,0.6,0.3,5,18,76.1194029850746,1884.20345074627,2632.1245,1059.85860077428,3.91904142889274,2.27223755260813,1,0,2,134
R_on,0.6,0.3,5,19,64.8148148148148,1621.80277592593,3461.0027,1201.56836433407,3.15304725572895,1.27380200345423,1,0,2,162
R_on,0.6,0.3,5,20,78.7671232876712,1950.34500136986,2616.0574,1016.72625424467,3.89986589541003,2.08421757907764,1,0,2,146
R_on,0.6,0.3,5,21,75.968992248062,1881.69223178295,2597.3518,1062.90642794985,3.22221619780269,1.63968127611225,1,0,2,129
R_on,0.6,0.3,5,22,75.3731343283582,1868.16278208955,2628.4368,1072.36659787934,4.84275680742311,3.21429406281142,1,0,2,134
R_on,0.6,0.3,5,23,75.3846153846154,1868.96882615385,2653.0316,1072.76631722197,4.13992245418841,2.54217396362941,1,0,2,130
R_on,0.6,0.3,5,24,76.4705882352941,1892.54134705882,2575.7545,1054.0092986744,3.77449233938089,1.86999050548926,1,0,2,136
R_on,0.6,0.3,5,25,75.187969924812,1860.65205037594,2613.2013,1073.45774814723,3.49688999208959,1.6832875385062,1,0,2,133
R_on,0.7,0.4,5,1,9.9,245.4573898,2615.7087,740.940000715519,4.17795547594311,2.29311996016304,0,0,2,1000
R_on,0.7,0.4,5,2,9,222.924145399999,2595.6936,709.2747383652,3.38218180169222,1.36321303231118,0,0,2,1000
R_on,0.7,0.4,5,3,8.9,220.644864399999,2596.8837,706.340032123483,3.28196780528277,1.37255920349022,0,0,2,1000
R_on,0.7,0.4,5,4,8.4,207.823317799999,2596.9756,686.670808922452,3.34325877065999,1.63460563195402,0,0,2,1000
R_on,0.7,0.4,5,5,9.5,235.511103599999,2606.315,727.338219535674,3.90842842799648,2.27262189128667,0,0,2,1000
R_on,0.7,0.4,5,6,12.2,303.748787800001,2608.6213,815.358683328999,3.06212736559741,1.48250980688557,0,0,2,1000
R_on,0.7,0.4,5,7,10.6,263.494466400001,2583.816,765.685273859572,3.43277840803333,1.42336765106948,0,0,2,1000
R_on,0.7,0.4,5,8,8.6,213.028624399999,2594.941,694.899185828937,3.36035546288376,1.58910100528533,0,0,2,1000
R_on,0.7,0.4,5,9,8.6,213.028773499999,2632.3422,694.909782675858,2.6788189874433,0.97895217385633,0,0,2,1000
R_on,0.7,0.4,5,10,9.6,238.899527599999,2804.5433,733.631301365131,3.83897210823246,2.18809703937737,0,0,2,1000
R_on,0.7,0.4,5,11,9.4,232.871360899999,2606.8733,723.403341607981,4.38136438472141,2.66295640340878,0,0,2,1000
R_on,0.7,0.4,5,12,9.1,224.936452499999,2603.7653,711.351644374757,4.05197517407993,2.40756689281774,0,0,2,1000
R_on,0.7,0.4,5,13,9.3,230.566559399999,2653.7721,720.486838548865,4.57207141106482,2.68707350519271,0,0,2,1000
R_on,0.7,0.4,5,14,9.4,232.986351199999,2600.7292,723.761829159207,4.01653358388635,2.15356372372864,0,0,2,1000
R_on,0.7,0.4,5,15,9.7,240.196586499999,2640.0144,733.318783180796,3.86392984171599,2.16523537954901,0,0,2,1000
R_on,0.7,0.4,5,16,8.9,220.967097999999,2734.1013,707.450682001798,3.71108095461865,2.07769855526002,0,0,2,1000
R_on,0.7,0.4,5,17,72.2627737226277,1788.2344459854,2599.0665,1112.31913094379,5.2129123222195,3.22381079916229,1,0,2,137
R_on,0.7,0.4,5,18,9.8,242.624683699999,2577.2361,736.510076769296,4.07394251297042,2.18014742427925,0,0,2,1000
R_on,0.7,0.4,5,19,72.5352112676056,1800.66328380282,2596.1376,1112.391737637,3.68171207662103,1.6665118332391,1,0,2,142
R_on,0.7,0.4,5,20,8.8,218.616753899999,2586.5643,704.212526062699,3.64594951541711,1.84359020139471,0,0,2,1000
R_on,0.7,0.4,5,21,73.2394366197183,1818.01276056338,2644.0025,1103.44901189929,3.51054046310272,1.5660830369613,1,0,2,142
R_on,0.7,0.4,5,22,8.9,220.310921399999,2592.4226,705.28394219143,3.46386306568095,1.79055179990776,0,0,2,1000
R_on,0.7,0.4,5,23,8.9,219.944209699999,2598.9577,704.101603597262,4.03271700338565,2.0908704665386,0,0,2,1000
R_on,0.7,0.4,5,24,10,248.714458899999,2590.7031,746.590280737496,3.69859189694794,2.07506573431446,0,0,2,1000
R_on,0.7,0.4,5,25,8.9,220.164984199999,2619.7176,704.80022524925,4.02237704539761,2.01281529745802,0,0,2,1000
R_on,0.8,0.5,5,1,6.4,159.368986299999,2595.9211,609.824034080837,3.84336298306532,1.96620103187856,0,0,2,1000
R_on,0.8,0.5,5,2,7.7,191.442880599999,2640.1786,663.225541096973,4.21978933706331,2.26958179355934,0,0,2,1000
R_on,0.8,0.5,5,3,7.8,194.148018399999,3065.302,668.198582537362,3.98540287471511,2.0022875195222,0,0,2,1000
R_on,0.8,0.5,5,4,7.6,189.502900299999,2634.8431,661.199209050719,2.85231668793909,0.961111691658111,0,0,2,1000
R_on,0.8,0.5,5,5,6.5,162.606826899999,2592.4871,617.08264767705,2.70376449184313,0.914712690301452,0,0,4,1000
R_on,0.8,0.5,5,6,6.7,168.473368299999,2633.6089,629.063253591471,3.64880986348398,1.75171828809675,0,0,2,1000
R_on,0.8,0.5,5,7,7.8,196.205890399999,2642.8489,674.995049359437,3.04969505084591,1.26003000622964,0,0,2,1000
R_on,0.8,0.5,5,8,8,200.266035,2622.7761,679.558322172852,4.08812706544305,2.47877689609139,0,0,2,1000
R_on,0.8,0.5,5,9,59.0361445783133,1490.55141686747,2671.5009,1249.70183680164,1.97248619610037,0.233026239916126,0,1,1,83
R_on,0.8,0.5,5,10,5.7,143.121893899999,2644.7186,582.501089287509,4.07157130460287,2.32330821941826,0,0,2,1000
R_on,0.8,0.5,5,11,8.5,213.1145381,2644.3531,699.658282266618,2.71330018955569,0.939002844994372,0,0,2,1000
R_on,0.8,0.5,5,12,8.1,202.540412299999,2600.1623,682.621528477567,3.32874610741998,1.61752901610445,0,0,2,1000
R_on,0.8,0.5,5,13,8.2,205.2232581,2630.2434,687.06444494121,3.01163981566744,1.12789396417109,0,0,2,1000
R_on,0.8,0.5,5,14,8.1,202.993011999999,2688.6341,684.171052079866,4.51459132500218,2.74837265074551,0,0,2,1000
R_on,0.8,0.5,5,15,7.4,185.411558799999,2642.0522,656.304745684323,2.97411689680102,1.1977237260033,0,0,2,1000
R_on,0.8,0.5,5,16,7.3,182.8340758,2650.6421,651.919447494632,4.12705959687269,2.1352751772741,0,0,2,1000
R_on,0.8,0.5,5,17,57.3643410852713,1436.58714573643,2635.4037,1243.6831796866,3.47507619107989,1.57503434157158,1,0,2,129
R_on,0.8,0.5,5,18,7.3,182.9429461,2653.8714,652.356475070073,3.67652935683316,2.06033678152033,0,0,2,1000
R_on,0.8,0.5,5,19,8.6,215.714159899999,2639.3394,703.681673803865,3.1867726043523,1.48530258164373,0,0,2,1000
R_on,0.8,0.5,5,20,7.1,177.8974302,2624.6307,643.896525521323,3.71559898588691,1.85799324401923,0,0,2,1000
R_on,0.8,0.5,5,21,54.2253521126761,1364.54870633803,2638.7809,1258.47951405515,2.82407072383114,1.12298644587303,1,0,2,142
R_on,0.8,0.5,5,22,7.2,180.2551156,2638.8549,647.508070380823,3.99294841796436,2.22196079962291,0,0,2,1000
R_on,0.8,0.5,5,23,7.4,186.6327192,3130.9772,660.901030739905,4.00537513767244,2.09507263009195,0,0,2,1000
R_on,0.8,0.5,5,24,7.1,178.234753199999,2650.1594,645.101882986275,3.48308804244791,1.87585510386527,0,0,2,1000
R_on,0.8,0.5,5,25,7.8,195.349743399999,2632.3609,672.045886250153,4.43048646777843,2.73017889359656,0,0,2,1000
T_ref,0.6,0.2,1,1,78.3582089552239,1949.86439029851,2632.6341,1029.18092233115,4.23764156930515,2.53184196532649,1,0,2,134
T_ref,0.6,0.2,1,2,77.2058823529412,1924.41320882353,2606.9786,1049.84478255354,4.24124629353224,2.26958441394727,1,0,2,136
T_ref,0.6,0.2,1,3,77.4436090225564,1929.00966015038,2627.3262,1045.44449570956,3.91520431282247,2.15084024519652,1,0,2,133
T_ref,0.6,0.2,1,4,77.2727272727273,1928.77846515151,2618.3632,1050.52793718309,4.47393217987218,2.85754315213909,1,0,2,132
T_ref,0.6,0.2,1,5,79.8611111111111,1994.56744791667,2599.7253,1005.58184514302,3.58560128032173,1.7870160233996,1,0,1,144
T_ref,0.6,0.2,1,6,77.7070063694268,1938.10365031847,2656.4461,1042.08343135294,3.101238342997,1.44033822275291,1,0,2,157
T_ref,0.6,0.2,1,7,77.8625954198473,1939.50699618321,2642.8066,1038.76669171207,4.06877839120992,2.14178378569294,1,0,2,131
T_ref,0.6,0.2,1,8,77.6119402985075,1935.23131343284,2647.0486,1043.90039008295,4.59341547611296,2.66635852267869,1,0,2,134
T_ref,0.6,0.2,1,9,76.1194029850746,1896.09367313433,2629.49,1066.55045584781,3.91343759197309,2.03757104831867,1,0,2,134
T_ref,0.6,0.2,1,10,80.8823529411765,2017.86264338235,2627.1284,985.234802306638,3.33325509248674,1.55279826143865,1,0,2,136
T_ref,0.6,0.2,1,11,77.037037037037,1922.15031111111,2628.3825,1053.85004059067,3.67448573048361,1.82216548667313,1,0,2,135
T_ref,0.6,0.2,1,12,77.0992366412214,1918.39150992366,2583.2001,1049.87172570909,4.16420903956812,2.33317605176037,1,0,1,131
T_ref,0.6,0.2,1,13,71.6049382716049,1795.75901975309,2640.3279,1134.94258458399,3.17002915063801,1.54414164475083,1,0,2,162
T_ref,0.6,0.2,1,14,77.8625954198473,1946.66718396947,2812.3624,1043.03104279077,3.73081348792946,2.10948737724403,1,0,2,131
T_ref,0.6,0.2,1,15,77.1428571428572,1933.57102428571,2638.5328,1056.95950581233,2.71750429269263,0.796698049321874,1,0,2,140
T_ref,0.6,0.2,1,16,79.5918367346939,1991.9493829932,2637.4346,1012.75034897089,3.6991106687488,1.6803749297524,1,0,2,147
T_ref,0.6,0.2,1,17,77.4647887323944,1941.62398521127,2668.1318,1051.57359665755,3.4235539301118,1.66066091809206,1,0,2,142
T_ref,0.6,0.2,1,18,77.0992366412214,1922.74480381679,2632.4069,1052.41118135906,5.37659344180743,3.70944480953905,1,0,2,131
T_ref,0.6,0.2,1,19,77.2727272727273,1930.12361439394,2624.1889,1051.23550543394,5.06524698686323,3.12149739840952,1,0,1,132
T_ref,0.6,0.2,1,20,76.6917293233083,1914.84237669173,2674.5397,1060.29799623186,3.77907738330738,2.03678207169479,1,0,2,133
T_ref,0.6,0.2,1,21,79.1044776119403,1977.62963880597,2662.4125,1020.83864011037,3.91242261919368,1.95900294501753,1,0,2,134
T_ref,0.6,0.2,1,22,64.7727272727273,1635.86942727273,2728.2458,1214.09656485436,3.82915084176783,2.01446391918263,0,1,1,88
T_ref,0.6,0.2,1,23,77.037037037037,1921.7772037037,2638.2192,1053.66166456033,4.29441439952999,2.40384884870629,1,0,2,135
T_ref,0.6,0.2,1,24,75.7575757575758,1891.38486136364,2628.6193,1074.62247924401,3.24318062833686,1.65920439575845,1,0,2,132
T_ref,0.6,0.2,1,25,77.037037037037,1911.39624814815,2592.6282,1047.89710254585,4.67298639974552,2.94853675510203,1,0,2,135
T_ref,0.6,0.2,5,1,76.5151515151515,1903.83560833333,2604.6378,1059.20865419643,4.46158923286094,2.68177555974932,1,0,2,132
T_ref,0.6,0.2,5,2,78.3783783783784,1965.96753918919,2672.7079,1037.12091590463,3.56970855102063,1.83825504850016,1,0,2,148
T_ref,0.6,0.2,5,3,77.0992366412214,1925.0984610687,2614.6641,1053.7614550271,3.37173792609049,1.5324010772135,1,0,2,131
T_ref,0.6,0.2,5,4,76.1194029850746,1908.92972537313,3184.0367,1075.95346922898,3.19636185658077,1.32680532744115,1,0,2,134
T_ref,0.6,0.2,5,5,76.6917293233083,1907.94396842105,2648.5931,1056.30613699271,4.36853242750028,2.49168087301572,1,0,2,133
T_ref,0.6,0.2,5,6,77.3722627737226,1932.18602262774,2652.7635,1049.24514722947,4.70112227605598,2.78558639989458,1,0,2,137
T_ref,0.6,0.2,5,7,80.7142857142857,2013.5057,2620.1183,988.361859721345,4.13574842156201,2.2003307270496,1,0,2,140
T_ref,0.6,0.2,5,8,78.7671232876712,1973.02559589041,2699.7392,1028.97214205906,3.2220371597765,1.6314981944026,1,0,2,146
T_ref,0.6,0.2,5,9,77.3049645390071,2048.87394326241,2904.6626,1117.09637332462,2.93206020864077,1.28747129744121,1,0,2,141
T_ref,0.6,0.2,5,10,77.2727272727273,2067.22968787879,2956.5112,1126.40549837265,3.250162704002,1.54342174356256,1,0,1,132
T_ref,0.6,0.2,5,11,78.4090909090909,2098.93221988636,2844.3703,1105.51628608991,4.15665331525893,2.2896143215003,1,0,2,176
T_ref,0.6,0.2,5,12,78.9115646258503,2117.81073197279,2832.051,1099.54793632752,3.38995479496304,1.81040863852256,1,0,2,147
T_ref,0.6,0.2,5,13,77.1428571428572,2066.84554071429,2996.8922,1130.2469795225,3.51652804758945,1.69558435329891,1,0,2,140
T_ref,0.6,0.2,5,14,77.7777777777778,2086.61094888889,2865.6976,1120.45926270065,3.38536231784077,1.46163895397614,1,0,2,135
T_ref,0.6,0.2,5,15,79.136690647482,2118.39465035971,2788.7201,1092.37264448921,2.63708101230116,1.03004557009305,1,0,2,139
T_ref,0.6,0.2,5,16,80.9523809523809,2174.5696,3054.4695,1059.9093623355,3.82901134681472,2.01934626897315,1,0,2,147
T_ref,0.6,0.2,5,17,76.4705882352941,2054.75063088235,3028.8975,1145.39617656569,3.0387518124711,1.19094412375204,1,0,2,136
T_ref,0.6,0.2,5,18,81.021897810219,2165.6832189781,2847.7609,1052.74599313221,3.61253246776955,1.62553708602714,1,0,1,137
T_ref,0.6,0.2,5,19,77.3722627737226,2073.69711021898,3021.4828,1126.61949735004,3.51811152030274,1.83822054208931,1,0,2,137
T_ref,0.6,0.2,5,20,77.0992366412214,2061.63159618321,2839.9899,1128.93125151674,4.09701995327436,2.20315368882928,1,0,2,131
T_ref,0.6,0.2,5,21,74.8091603053435,2003.15955496183,2834.3132,1167.55215670743,3.15965097104337,1.2591203042182,1,0,2,131
T_ref,0.6,0.2,5,22,79.7202797202797,2140.9207972028,2928.2603,1084.67101496088,3.26678333402419,1.36934047462051,1,0,2,143
T_ref,0.6,0.2,5,23,79.5620437956204,2127.98810364964,2794.0099,1083.20511384271,3.64224185794138,1.68369844867242,1,0,2,137
T_ref,0.6,0.2,5,24,80.1526717557252,2131.55491221374,2843.5406,1066.02067241536,4.51148915678174,2.53211175668489,1,0,1,131
T_ref,0.6,0.2,5,25,78.6259541984733,2082.64565267176,2891.8179,1091.29520653457,3.3247121909618,1.49035494750137,1,0,2,131
T_ref,0.6,0.2,10,1,78.9855072463768,2096.84153043478,2804.6602,1086.42230853932,3.15028419419782,1.46251663472268,1,0,2,138
T_ref,0.6,0.2,10,2,76.9784172661871,2040.43994172662,2806.1097,1120.70314650958,3.96623512004036,2.05459321128611,1,0,2,139
T_ref,0.6,0.2,10,3,80.3030303030303,2126.19205151515,2942.6383,1058.17510127009,3.9809918939354,2.26074717430299,1,0,2,132
T_ref,0.6,0.2,10,4,77.0992366412214,2039.80814656489,2884.9747,1116.95522254939,3.13454969366637,1.12905925310647,1,0,2,131
T_ref,0.6,0.2,10,5,80.794701986755,2145.03923509934,2873.0132,1050.7029934381,3.27121055562738,1.68694159442202,1,0,2,151
T_ref,0.6,0.2,10,6,77.6119402985075,2059.00835970149,3379.4437,1112.97041538724,2.50097708114912,0.88684840235824,1,0,2,134
T_ref,0.6,0.2,10,7,64.7727272727273,1736.69783522727,2959.1821,1289.64886700033,3.63895972170058,1.91319543517662,0,1,1,88
T_ref,0.6,0.2,10,8,79.1044776119403,2094.22495895522,2801.5076,1081.17380689885,2.78590937409448,1.16438847652096,1,0,1,134
T_ref,0.6,0.2,10,9,75.7575757575758,2003.81904090909,2776.086,1138.5520795167,4.25930780089345,2.66743969642981,1,0,2,132
T_ref,0.6,0.2,10,10,81.5286624203822,2169.11368917197,2836.05,1037.30026580245,2.86672604431453,1.15375035173882,1,0,2,157
T_ref,0.6,0.2,10,11,76.1194029850746,2015.19095447761,2821.017,1133.85865231279,4.7023931985468,2.96256492855709,1,0,2,134
T_ref,0.6,0.2,10,12,79.1666666666667,2101.05640416667,2807.5772,1082.44688053474,3.36923883614172,1.57486718644388,1,0,2,144
T_ref,0.6,0.2,10,13,76.5957446808511,2040.21977588652,2885.0147,1132.8176911724,3.2906504935704,1.4976469073905,1,0,2,141
T_ref,0.6,0.2,10,14,58.3333333333333,1584.31319166667,3890.7085,1356.41277825981,3.13401449241994,1.36189553035025,0,1,1,72
T_ref,0.6,0.2,10,15,78.1954887218045,2071.64794210526,2798.7623,1099.09670921086,3.84259406405809,2.0517014371303,1,0,2,133
T_ref,0.6,0.2,10,16,76.1538461538461,2024.31525230769,2795.8502,1137.79236878941,3.00992485607324,1.22417181346167,1,0,2,130
T_ref,0.6,0.2,10,17,76.3358778625954,2049.18622977099,2946.8725,1146.53399207509,3.80744239413444,2.10921349289202,1,0,2,131
T_ref,0.6,0.2,10,18,77.0992366412214,2062.11912442748,2827.76,1128.92275183133,4.2396286124919,2.60795630464423,1,0,2,131
T_ref,0.6,0.2,10,19,75.7575757575758,2030.91182878788,2825.3341,1154.17169003804,3.95009880225394,2.00708641744937,1,0,2,132
T_ref,0.6,0.2,10,20,79.8611111111111,2150.93055694444,3149.0124,1086.04153477387,2.0559382624959,0.251105980185498,1,0,2,144
T_ref,0.6,0.2,10,21,76.5151515151515,2051.76030227273,2849.6913,1141.82897435649,4.46736009957786,2.77183829861261,1,0,2,132
T_ref,0.6,0.2,10,22,78.2608695652174,2098.96695797101,2856.7239,1111.35683593017,3.34985732613448,1.36489261309589,1,0,2,138
T_ref,0.6,0.2,10,23,75.9398496240601,2011.09908120301,2791.9529,1137.10165185084,5.02449091412311,3.41910211498868,1,0,2,133
T_ref,0.6,0.2,10,24,77.2058823529412,2051.14040441176,2911.8125,1119.7905850127,4.24876032361242,2.39602706951656,1,0,2,136
T_ref,0.6,0.2,10,25,77.4436090225564,2054.88387293233,2785.2902,1114.02408005661,3.05725984081866,1.29569494537127,1,0,2,133
T_ref,0.6,0.2,15,1,78.5185185185185,2083.29949481481,2897.9348,1094.84689840529,3.66945087914676,2.0217923494565,1,0,2,135
T_ref,0.6,0.2,15,2,78.1954887218045,2086.19932406015,3028.1922,1107.34405465047,2.21823322655881,0.374415659310866,1,0,2,133
T_ref,0.6,0.2,15,3,76.6917293233083,2045.64122180451,3474.9551,1135.51715870018,4.66272874804551,2.74375736100387,1,0,2,133
T_ref,0.6,0.2,15,4,78.030303030303,2066.96334621212,2782.4288,1101.80189790002,4.28780400361856,2.61816714579287,1,0,2,132
T_ref,0.6,0.2,15,5,76.3358778625954,2024.01057938931,2844.8035,1132.18785716611,4.1917270616889,2.36381818630936,1,0,2,131
T_ref,0.6,0.2,15,6,77.8625954198473,2061.67486641221,2812.4839,1104.30258277305,3.33497451753719,1.69009281890327,1,0,2,131
T_ref,0.6,0.2,15,7,78.1954887218045,2072.05382180451,2910.9385,1099.38586877927,4.00882813333316,2.08017697357392,1,0,2,133
T_ref,0.6,0.2,15,8,78.1954887218045,2075.05833759399,2828.365,1100.77655305694,3.13027981908676,1.34125796879167,1,0,2,133
T_ref,0.6,0.2,15,9,78.1954887218045,2084.57642180451,3628.8895,1109.13110106887,3.56563710886264,1.59854481368786,1,0,2,133
T_ref,0.6,0.2,15,10,77.2727272727273,2054.63768560606,2882.8389,1119.63379182624,4.3771783939998,2.6389018504141,1,0,2,132
T_ref,0.6,0.2,15,11,77.5862068965517,2107.33466609195,4215.7879,1164.04701260001,3.26066658473938,1.50964948753602,1,0,2,174
T_ref,0.6,0.2,15,12,76.5151515151515,2032.96756818182,2928.9158,1131.72687886369,3.70632677216217,2.06154986055107,1,0,2,132
T_ref,0.6,0.2,15,13,75.9398496240601,2012.20133007519,2786.5899,1137.56098148835,3.68403979149778,1.75071055605698,1,0,2,133
T_ref,0.6,0.2,15,14,78.9473684210526,2099.6958406015,2824.8889,1089.35105815349,3.85103122939799,2.10040807832414,1,0,2,133
T_ref,0.6,0.2,15,15,79.2307692307692,2101.94919461538,2904.5161,1081.23018352842,2.83357725006308,1.10563775890789,1,0,2,130
T_ref,0.6,0.2,15,16,75.187969924812,1993.01608721804,2810.8665,1150.1790155425,5.14252377914389,3.49901358223166,1,0,2,133
T_ref,0.6,0.2,15,17,77.9310344827586,2070.92930827586,2833.4776,1106.82756278099,3.77106804235974,1.87343820245407,1,0,2,145
T_ref,0.6,0.2,15,18,75.9398496240601,2019.68441503759,3042.3998,1142.51002484393,3.01819003425551,1.41308300453332,1,0,2,133
T_ref,0.6,0.2,15,19,76.6423357664234,2040.34766788321,2826.5287,1131.44542708959,2.11523858929262,0.316733620328277,1,0,2,137
T_ref,0.6,0.2,15,20,79.1044776119403,2100.76489253731,2775.9243,1084.54138813485,3.37727913941846,1.43397626890507,1,0,2,134
T_ref,0.6,0.2,15,21,78.3216783216783,2083.11362167832,3000.7659,1101.11808440501,4.13867652652424,2.42417917129751,1,0,2,143
T_ref,0.6,0.2,15,22,76.9230769230769,2049.11098076923,2773.2557,1127.32820815882,3.33044637487895,1.62341504288087,1,0,2,130
T_ref,0.6,0.2,15,23,76.4705882352941,2038.81392426471,3010.6378,1136.35151583889,4.37937685069133,2.35831123387802,1,0,2,136
T_ref,0.6,0.2,15,24,59.4202898550725,1593.81953623188,2800.4695,1327.30353662499,1.4056754065151,-0.231221511167746,0,1,1,69
T_ref,0.6,0.2,15,25,80.5755395683453,2144.5700352518,2892.3265,1057.86875214477,3.70003838623432,1.83482267918325,1,0,2,139
T_ref,0.6,0.2,20,1,78.8732394366197,2097.06228098592,2823.7379,1090.02475769454,3.19014293603,1.44400283993634,1,0,2,142
T_ref,0.6,0.2,20,2,79.5620437956204,2114.25146058394,2787.1668,1076.17163783313,4.0821499093089,2.31886943614683,1,0,2,137
T_ref,0.6,0.2,20,3,76.3358778625954,2030.09182137405,2848.023,1135.63198813164,4.5411538235236,2.72799620363433,1,0,2,131
T_ref,0.6,0.2,20,4,80.2721088435374,2130.68106802721,3055.0504,1061.58586454498,3.41890620580488,1.61801463151349,1,0,1,147
T_ref,0.6,0.2,20,5,80.2919708029197,2136.57649343066,2806.3864,1063.34765881358,3.5390314653857,1.74808821424165,1,0,2,137
T_ref,0.6,0.2,20,6,77.4436090225564,2064.73011804511,2932.5538,1119.75995727016,4.51837800395234,2.87921708763382,1,0,1,133
T_ref,0.6,0.2,20,7,77.2727272727273,2056.94447424242,2880.4445,1120.68440733074,3.42152515282085,1.75413043892715,1,0,1,132
T_ref,0.6,0.2,20,8,84.5,2278.2235305,2873.476,979.958058874066,2.36408219917066,0.703892744642865,1,0,2,200
T_ref,0.6,0.2,20,9,77.6978417266187,2069.08137266187,3057.366,1113.79999428177,3.16008315742926,1.24236895885737,1,0,2,139
T_ref,0.6,0.2,20,10,77.3722627737226,2055.50275109489,2795.7867,1116.38650186452,3.59167361015203,1.64732879510549,1,0,2,137
T_ref,0.6,0.2,20,11,79.6992481203008,2127.74287067669,3537.7947,1081.63711512096,4.103803391001,2.23009532938804,1,0,1,133
T_ref,0.6,0.2,20,12,77.2727272727273,2069.05640681818,2927.7013,1127.95852415768,4.38784474800619,2.62603333242917,1,0,2,132
T_ref,0.6,0.2,20,13,77.2727272727273,2082.58605530303,2864.8064,1135.54164091523,4.64661650819421,3.03037107536693,1,0,2,132
T_ref,0.6,0.2,20,14,79.3893129770992,2137.56185877863,2900.4138,1095.62615047137,4.19729637412815,2.34451943804401,1,0,2,131
T_ref,0.6,0.2,20,15,65.0602409638554,1773.42697108434,3353.8685,1310.80913928873,2.55160764639894,0.84371121070937,0,1,1,83
T_ref,0.6,0.2,20,16,78.3582089552239,2101.22104552239,2916.7143,1110.2549597293,4.14746472334711,2.27496339860598,1,0,2,134
T_ref,0.6,0.2,20,17,75.7575757575758,2040.43569090909,2935.3054,1159.97102636447,4.99557278672709,3.34175654035517,1,0,2,132
T_ref,0.6,0.2,20,18,78.7878787878788,2174.92631439394,3360.914,1143.27824914952,3.8052271699133,2.06445050737472,1,0,2,132
T_ref,0.6,0.2,20,19,71.9626168224299,1945.2723271028,3045.0652,1221.35213736395,2.09001862356789,0.514232525911448,0,1,1,107
T_ref,0.6,0.2,20,20,80.3030303030303,2149.53865,2803.0331,1069.796082616,4.13680389224614,2.44290175037083,1,0,2,132
T_ref,0.6,0.2,20,21,78.5185185185185,2100.83161037037,2801.7645,1103.92666584209,2.35992897801926,0.777648892542759,1,0,1,135
T_ref,0.6,0.2,20,22,78.030303030303,2092.80123030303,2886.9798,1116.0186036874,3.75827281744894,2.12344854555014,1,0,2,132
T_ref,0.6,0.2,20,23,75,1991.94748409091,2918.2193,1155.31442734535,4.53005557422534,2.53252407830561,1,0,2,132
T_ref,0.6,0.2,20,24,75.7575757575758,2014.13632727273,2899.9276,1144.77482278057,3.94121727422034,2.25759536037853,1,0,2,132
T_ref,0.6,0.2,20,25,78.3582089552239,2079.35912164179,2891.9869,1097.90052097664,3.71715886278244,2.00455405513769,1,0,2,134
