Algorithm,RepeatIndex,ScenarioSeed,NumDynamicObstacles,NumStaticBuildings,Success,Collision,MetricValid,FailureReason,TriggerRatePercent,AvgCPUms,MaxCPUms,StdCPUms,MinDistanceMeter,MinClearanceMeter,ControlEffort,TotalClimbMeter,PathLengthMeter,EstimatedEnergyJ,EstimatedEnergyWh,Steps
Proposed ET-NMPC,1,2027,5,15,1,0,1,Success,76.2962962962963,2143.60921185185,3325.6085,1202.39927084536,3.4222953240659,1.65327469323922,108.363854499087,12.6107886599985,60.7642243831775,2911.82450204371,0.808840139456587,135
Proposed ET-NMPC,2,2028,5,15,1,0,1,Success,76.6917293233083,2171.34011428571,3324.6896,1206.49720116092,2.97655413168791,1.19007165752504,105.614298232342,11.1346375296319,59.9117895445423,2839.29458396259,0.788692939989608,133
Proposed ET-NMPC,3,2029,5,15,1,0,1,Success,75.7575757575758,2377.02356136364,3973.5158,1371.53153657245,3.56449437930129,1.73040672681887,104.247652177238,10.4223157336044,59.5653569213402,2803.58727009732,0.778774241693699,132
Proposed ET-NMPC,4,2030,5,15,1,0,1,Success,77.2727272727273,2352.80438106061,4107.4384,1332.780545889,4.26229620256902,2.5809665701148,102.73381361144,11.2185705279716,59.4807834250071,2817.29800625017,0.782582779513936,132
Proposed ET-NMPC,5,2031,5,15,1,0,1,Success,78.0141843971631,2058.00077659574,3262.6523,1106.05163099588,3.37341355638648,1.53651268362205,113.117264143932,10.61931574629,59.955366483778,2987.46771572595,0.829852143257207,141
Proposed ET-NMPC,6,2032,5,15,1,0,1,Success,78.5185185185185,2164.96928296296,2942.1674,1137.43667432587,4.09122023353994,2.32538915047562,108.710645939621,12.8100407928201,60.995037832622,2916.7066494026,0.810196291500722,135
Proposed ET-NMPC,7,2033,5,15,1,0,1,Success,77.037037037037,2121.75066592593,2978.6436,1163.44113273532,4.17520112853992,2.47766403640208,105.777587109971,10.9089108527049,59.4194408762897,2870.87606450216,0.797465573472822,135
Proposed ET-NMPC,8,2034,5,15,1,0,1,Success,76.3358778625954,2115.14981068702,3262.0336,1183.83522648695,3.54875917936417,1.84200811093785,103.819239363452,9.94326859221235,59.1689560322196,2774.66018920463,0.770738941445729,131
Proposed ET-NMPC,9,2035,5,15,1,0,1,Success,79.4326241134752,2205.46289219858,2951.2567,1127.36496117418,3.13330318452191,1.36741135605008,109.385763744847,13.3739733727299,63.5636378042805,3037.91155346072,0.843864320405756,141
Proposed ET-NMPC,10,2036,5,15,1,0,1,Success,79.1044776119403,2210.76864104478,3438.5153,1143.91569233704,4.60895931549076,2.89378307675898,106.515178593002,11.3592509633565,59.6154692646849,2863.81803993713,0.795505011093648,134
Proposed ET-NMPC,11,2037,5,15,1,0,1,Success,78.1021897810219,2164.71358394161,3006.0193,1151.28553631996,4.12360090930712,2.10764725510339,109.451979736752,12.8543376118052,61.2808773704795,2955.12049941309,0.820866805392526,137
Proposed ET-NMPC,12,2038,5,15,1,0,1,Success,78.6764705882353,2174.16204926471,2909.2005,1136.54322059256,3.82339212336121,1.97790397335499,108.395467784677,12.6197587727047,61.4538254636865,2930.07629319842,0.813910081444007,136
Proposed ET-NMPC,13,2039,5,15,1,0,1,Success,76.6917293233083,2119.6025037594,2950.6392,1173.60332511519,3.55872066851652,1.55158315940615,106.107431061212,11.4261084920022,59.9964348914764,2846.40798563644,0.790668884899012,133
Proposed ET-NMPC,14,2040,5,15,1,0,1,Success,78.5714285714286,2184.93632,3081.5422,1146.2663769095,3.46977724359601,1.76501043208051,111.632486442906,13.3798243620249,62.5473789818585,3024.52799501038,0.84014666528066,140
Proposed ET-NMPC,15,2041,5,15,1,0,1,Success,79.8507462686567,2215.32161119403,2942.778,1117.45964370687,4.07708813481142,2.2430810805944,106.562369629137,11.3075624708556,59.7331992504916,2862.82585605633,0.795229404460092,134
Proposed ET-NMPC,16,2042,5,15,1,0,1,Success,77.8571428571429,2158.46291785714,2928.1031,1155.90587322459,4.29457386911921,2.3847687332186,109.294038220075,11.5410102113439,59.958300972004,2981.19659824004,0.82811016617779,140
Proposed ET-NMPC,17,2043,5,15,1,0,1,Success,78.1021897810219,2168.93154671533,3041.0069,1153.4076692951,3.1219538782172,1.46120296063515,113.03665839307,12.5484936867129,61.1491195738206,2955.8605805004,0.821072383472333,137
Proposed ET-NMPC,18,2044,5,15,1,0,1,Success,80.1324503311258,2211.01002317881,2915.9956,1105.37020359912,2.52804970684845,0.620484064938986,122.894434691216,14.3958981290281,62.7326451198868,3266.41121362336,0.907336448228711,151
Proposed ET-NMPC,19,2045,5,15,1,0,1,Success,78.2608695652174,2163.17002826087,2911.4828,1145.2045372574,2.94985504535143,1.28767731029449,110.597697853933,11.2928764664126,60.1644511326945,2942.58779171253,0.817385497697924,138
Proposed ET-NMPC,20,2046,5,15,1,0,1,Success,77.2727272727273,2128.82608409091,3016.1398,1159.69973369404,3.35183768583465,1.64068392922517,104.421451075976,10.5824652338658,59.5134396908333,2807.30143917529,0.779805955326469,132
Proposed ET-NMPC,21,2047,5,15,1,0,1,Success,79.4117647058823,2187.89247426471,2901.9244,1118.89286246612,3.05011224583208,1.08690771716299,111.166352303498,10.1043111307849,59.2691901155835,2882.73975930628,0.800761044251745,136
Proposed ET-NMPC,22,2048,5,15,1,0,1,Success,76.1194029850746,2095.47686492537,2984.1803,1178.93898299376,4.66490957230605,2.78517038393452,103.755736134727,10.9076654958242,59.5286175557195,2848.80618337096,0.791335050936377,134
Proposed ET-NMPC,23,2049,5,15,1,0,1,Success,75.7575757575758,2085.95906439394,3045.6465,1185.29537084847,5.01638881865385,3.35967274380103,101.197996238168,11.1814825516691,59.6113436954871,2813.44672925892,0.781512980349701,132
Proposed ET-NMPC,24,2050,5,15,1,0,1,Success,76.1194029850746,2091.52245,2919.5949,1176.33400858096,4.24510304847916,2.36876189550243,104.692028757268,10.8054552074061,59.4383338916253,2848.53016233879,0.791258378427442,134
Proposed ET-NMPC,25,2051,5,15,1,0,1,Success,79.0849673202614,2176.65600392157,2936.949,1123.87896933956,2.86734879235084,1.18351073818968,120.841176393833,13.1008856878417,64.3460733692523,3271.08168549708,0.908633801526967,153
Proposed ET-NMPC,26,2052,5,15,1,0,1,Success,76.5151515151515,2110.1670280303,3124.5083,1174.30965943883,3.64030708406072,1.74824463555439,103.291827876926,9.68369774605163,58.9145688456542,2786.14881622978,0.773930226730494,132
Proposed ET-NMPC,27,2053,5,15,1,0,1,Success,80.3030303030303,2219.96280378788,3485.3957,1106.43687975959,2.76812724406022,1.04273434244722,108.396448636482,10.520147149309,59.6085194836,2813.94141913308,0.781650394203634,132
Proposed ET-NMPC,28,2054,5,15,1,0,1,Success,75.7575757575758,2082.83465151515,2954.2662,1183.41998847709,4.13749203791486,2.21945606254074,101.131404111443,11.0663615221038,59.4060796311972,2810.8935365054,0.780803760140388,132
Proposed ET-NMPC,29,2055,5,15,1,0,1,Success,78.1021897810219,2152.63273868613,3058.1384,1145.03563625699,4.09531278978124,2.39983838229211,110.490642037772,12.8659189838063,61.1550264650728,2957.44128099941,0.821511466944282,137
Proposed ET-NMPC,30,2056,5,15,1,0,1,Success,76.1194029850746,2095.36115298507,2920.3124,1178.63376740414,4.92634162595912,3.29780127699943,101.81527062887,11.2295854847725,59.5599763930054,2851.69247041263,0.792136797336843,134
C-NMPC,1,2027,5,15,1,0,1,Success,100,2748.80488613139,2927.2347,53.5043291150973,3.46961899726377,1.86366684460708,121.3112559771,12.7020145630358,61.8386415340351,2975.6370038043,0.826565834390084,137
C-NMPC,2,2028,5,15,0,1,0,Collision,NaN,NaN,NaN,NaN,NaN,NaN,NaN,NaN,NaN,NaN,NaN,NaN
C-NMPC,3,2029,5,15,1,0,1,Success,100,2744.32764210526,2910.8224,48.1891967151497,3.70611803574041,1.73040770724676,117.246813464556,10.7225070857774,59.6247509069537,2853.89604373942,0.792748901038727,133
C-NMPC,4,2030,5,15,1,0,1,Success,100,2749.26122651515,3081.3964,66.7618777939947,4.39866379147998,2.71733415902576,114.861431403931,11.4011116576047,59.6724216345193,2845.39051715308,0.790386254764745,132
C-NMPC,5,2031,5,15,1,0,1,Success,100,2754.8307625,3152.1591,65.204840596449,3.53295535372799,1.69605448096357,133.894478649158,13.9709857332941,64.881556187869,3297.47903596321,0.915966398878668,152
C-NMPC,6,2032,5,15,1,0,1,Success,100,2745.11485588235,2926.2864,50.9243286366463,3.72110234951775,1.95527126645343,119.754336404684,12.5956503058671,61.3332357753814,2952.28723602485,0.82007978778468,136
C-NMPC,7,2033,5,15,1,0,1,Success,100,2750.22143088235,3073.5886,63.956665611081,4.16147769973154,2.4639406075937,118.370790420057,11.1786007666373,59.7444592761709,2919.7317383845,0.811036593995694,136
C-NMPC,8,2034,5,15,1,0,1,Success,100,2747.19924885496,3058.8998,60.4593553437557,3.36937575420346,1.77519920521609,115.66832756081,9.6535048405201,58.9817896096263,2792.26711759055,0.775629754886265,131
C-NMPC,9,2035,5,15,1,0,1,Success,100,2749.31266783217,2965.481,56.7756290272081,3.04800865731108,1.28211682883925,124.551799753977,13.8753192702619,63.7704313842277,3114.78263245353,0.865217397903758,143
C-NMPC,10,2036,5,15,1,0,1,Success,100,2750.89368613139,2925.5539,54.8138004846705,4.57745953955887,2.86228330082709,119.327346837897,11.4318483013302,59.9740104602523,2944.96847618162,0.818046798939338,137
C-NMPC,11,2037,5,15,1,0,1,Success,100,2744.50575539568,2975.3406,52.7051408661929,4.19632819299886,2.22552147811649,122.224130867405,13.0879577792175,62.3374165881698,3021.5758313365,0.839326619815695,139
C-NMPC,12,2038,5,15,1,0,1,Success,100,2748.22472189781,3179.3521,64.8309951323855,3.75295944789393,1.90747129788772,119.27806350656,12.6527579848223,61.6840837213372,2970.53517522263,0.825148659784065,137
C-NMPC,13,2039,5,15,1,0,1,Success,100,2748.69694586466,2992.5219,57.562310690867,3.50090127497849,1.49376376586811,117.215255823775,11.4504945642373,60.0302757853842,2869.1362652372,0.796982295899221,133
C-NMPC,14,2040,5,15,1,0,1,Success,100,2503.20196388889,3160.5745,108.022645652044,3.65405435062642,1.94928753911092,123.287717404011,12.8296574128975,63.0815514336036,3108.27316170915,0.863409211585874,144
C-NMPC,15,2041,5,15,1,0,1,Success,100,2467.87442647059,2608.6724,33.3511524527231,4.0183859102304,2.18437885601337,118.534386801892,11.2955735196769,59.8663030168716,2922.51786552099,0.811810518200276,136
C-NMPC,16,2042,5,15,1,0,1,Success,100,2470.60367481481,2637.2207,35.5197159561822,4.35839007042472,2.44858493452411,116.813910669763,11.3345537129003,59.8054227544002,2901.89633260428,0.8060823146123,135
C-NMPC,17,2043,5,15,1,0,1,Success,100,2475.49544710145,2711.1112,41.9827222806118,2.4965395241563,0.845935508396561,124.2,9.8541178976236,59.8621475900799,2939.54763551933,0.816541009866481,138
C-NMPC,18,2044,5,15,1,0,1,Success,100,2476.62792534247,2622.5866,41.6367728117194,3.28002090801216,1.3724552661027,130.555243979657,14.6354799751935,63.2898942516393,3196.76918486642,0.887991440240671,146
C-NMPC,19,2045,5,15,1,0,1,Success,100,2481.84490719424,3240.8423,74.9257631953709,2.96877650450355,1.3065987694466,122.65082687534,11.3939081427423,60.3913192442545,2986.81787992275,0.829671633311876,139
C-NMPC,20,2046,5,15,1,0,1,Success,100,2475.66097651515,2649.7278,40.328702495191,3.42161150327057,1.71045774666109,115.049456081056,10.7224476887771,59.5811007800137,2831.50008036262,0.786527800100728,132
C-NMPC,21,2047,5,15,1,0,1,Success,100,2473.67485820895,2591.4314,33.0411907350821,3.17652965518921,1.21332512652011,117.245343788645,10.1086680080594,59.4204168303676,2858.989330061,0.794163702794721,134
C-NMPC,22,2048,5,15,1,0,1,Success,100,2473.50304210526,2622.3827,34.1270916588278,4.58402070441057,2.70428151603904,116.175531898269,10.9117843995346,59.5052586178025,2855.73236013818,0.793258988927273,133
C-NMPC,23,2049,5,15,1,0,1,Success,100,2473.16272686567,2609.3549,36.2951908953466,4.99416243769848,3.27727609541883,115.622121975347,11.1675962489047,59.8101920424903,2878.0030708116,0.799445297447666,134
C-NMPC,24,2050,5,15,1,0,1,Success,100,2476.44229253731,2819.753,55.9921786123413,4.01462610273609,2.13828494975936,116.472750685745,10.8148429091263,59.4780821853107,2872.28894909691,0.797858041415808,134
C-NMPC,25,2051,5,15,1,0,1,Success,100,2472.90034516129,2645.7867,37.6807534750578,2.83722281471718,1.15338476055603,132.903723489225,13.3134300321092,64.7053501246061,3335.67476543915,0.926576323733096,155
C-NMPC,26,2052,5,15,1,0,1,Success,100,2469.12448854962,2578.0054,29.9087995425597,3.66360284799449,1.77154039948817,115.015164101494,9.7136471617532,58.9975263685648,2792.22506818184,0.775618074494956,131
C-NMPC,27,2053,5,15,1,0,1,Success,100,2476.3631030303,2611.6947,38.6620971563121,2.75508416890273,1.02969126728972,115.830392246282,10.5225649676885,59.636364278229,2828.86013234904,0.785794481208068,132
C-NMPC,28,2054,5,15,1,0,1,Success,100,2471.20897651515,2614.2375,34.7226497384827,4.12708694542926,2.20905097005514,113.769592377509,11.202007081015,59.5790566994008,2839.02137646521,0.788617049018114,132
C-NMPC,29,2055,5,15,1,0,1,Success,100,2473.79465611511,2606.8553,32.6809193792348,3.81625116489445,2.12077675740532,122.559782146019,12.7186321914974,61.8372989061742,3014.48338243187,0.837356495119964,139
C-NMPC,30,2056,5,15,1,0,1,Success,100,2472.56256044776,2594.3103,35.858753402073,4.89745295363625,3.26891260467656,114.564004224337,11.2563977850988,59.7412985036515,2877.75357045971,0.799375991794365,134
NP-ET-NMPC,1,2027,5,15,1,0,1,Success,74.4360902255639,1851.10590225564,2949.3666,1089.76685084944,1.99056225644703,0.384610103790335,102.059751008603,11.0006198411717,59.4791460514107,2829.36824624984,0.785935623958288,133
NP-ET-NMPC,2,2028,5,15,1,0,1,Success,74.6268656716418,1848.76321940298,2630.1704,1082.28073611745,2.21711581305548,0.430633338892612,103.597279179688,11.0813026908944,59.5046645596495,2852.13937135439,0.792260936487331,134
NP-ET-NMPC,3,2029,5,15,1,0,1,Success,74.4360902255639,1848.63708721804,2639.5668,1087.74204232888,2.7612562690022,0.785545940508547,102.493248082015,10.7415208477505,59.6925555371935,2824.78860941353,0.784663502614869,133
NP-ET-NMPC,4,2030,5,15,1,0,1,Success,74.8148148148148,1851.46360814815,2596.7805,1078.41708752863,4.07194727572885,2.39061764327463,103.922313287198,11.1009318843166,59.6234485499909,2871.20207325685,0.797556131460236,135
NP-ET-NMPC,5,2031,5,15,1,0,1,Success,75.7352941176471,1876.74502573529,2597.129,1066.29348129409,2.03061303906103,0.193712166296608,106.809432738116,12.6059938025816,61.0274344502244,2926.61486376907,0.812948573269187,136
NP-ET-NMPC,6,2032,5,15,1,0,1,Success,75.5555555555556,1878.51215185185,2717.0541,1072.89066469133,3.40113858043276,1.63530749736844,104.189767957119,10.9445123118533,59.4392624265731,2868.44881972698,0.796791338813051,135
NP-ET-NMPC,7,2033,5,15,1,0,1,Success,75.5395683453237,1872.06935755396,2604.9098,1069.29271594056,4.21551348716383,2.30813634471849,107.490535942596,10.8096629256716,59.5434374147289,2944.21562895842,0.817837674710672,139
NP-ET-NMPC,8,2034,5,15,1,0,1,Success,74.6268656716418,1850.0787738806,2646.6435,1083.13620920277,2.55078345982633,0.558116753710173,103.745015973553,10.8552197226062,59.6826637332165,2847.68225797304,0.791022849436954,134
NP-ET-NMPC,9,2035,5,15,1,0,1,Success,75.3731343283582,1865.73518134328,2605.6517,1070.65862256566,3.13727882554329,1.37138699707146,104.241820922411,10.7916214136773,59.3105563377643,2847.33894056234,0.790927483489538,134
NP-ET-NMPC,10,2036,5,15,1,0,1,Success,75.3731343283582,1869.21018731343,2617.9522,1072.71913286735,3.93615399567529,2.22097775694351,101.852136473045,10.8122489248246,59.3952088766666,2842.99319141579,0.789720330948832,134
NP-ET-NMPC,11,2037,5,15,1,0,1,Success,74.8148148148148,1860.3292962963,2640.3042,1083.70211010824,3.13885754590788,1.12290389170415,102.804120594063,11.0508466391864,59.6380131294597,2867.91282446759,0.796642451240999,135
NP-ET-NMPC,12,2038,5,15,1,0,1,Success,75.3731343283582,1867.72625820896,2639.6594,1071.83983644434,3.03749696839722,1.16362280282973,102.017399338677,10.8857855247137,59.3770495152933,2844.86956152901,0.790241544869171,134
NP-ET-NMPC,13,2039,5,15,1,0,1,Success,74.6268656716418,1849.99445447761,2602.0333,1082.9070815609,2.8056496554369,0.798512146326527,103.100563193479,10.8709322624826,59.4226042859189,2846.72365244757,0.790756570124326,134
NP-ET-NMPC,14,2040,5,15,1,0,1,Success,75.187969924812,1862.67791729323,2636.5201,1074.25319950247,2.39783194494829,0.693065133432785,103.297760512744,10.8923978416324,59.3001738135961,2829.56928422495,0.785991467840263,133
NP-ET-NMPC,15,2041,5,15,1,0,1,Success,75.3731343283582,1869.27484701493,2625.071,1072.65739094716,3.79173732054035,2.01964309595362,102.049958617555,10.7583537368935,59.4346171361084,2842.25588186138,0.789515522739272,134
NP-ET-NMPC,16,2042,5,15,1,0,1,Success,75.5555555555556,1880.66982148148,3046.5289,1075.37744920205,3.99053866343675,2.08073352753614,104.175719806359,10.9710575024126,59.5722427584172,2868.97874125272,0.796938539236866,135
NP-ET-NMPC,17,2043,5,15,1,0,1,Success,74.6268656716418,1850.98737014925,2682.5685,1083.56629332052,2.42344427531726,0.772840259557521,103.471787607931,11.2001757373479,59.6724214038169,2854.38726946597,0.792885352629435,134
NP-ET-NMPC,18,2044,5,15,0,1,0,Collision,NaN,NaN,NaN,NaN,NaN,NaN,NaN,NaN,NaN,NaN,NaN,NaN
NP-ET-NMPC,19,2045,5,15,1,0,1,Success,74.8148148148148,1859.65880518518,2655.5413,1083.26885670896,1.77149016354788,0.109312428490931,105.769733199745,11.3151613729902,60.1228779350596,2879.40032297599,0.799833423048887,135
NP-ET-NMPC,20,2046,5,15,1,0,1,Success,75.3731343283582,1871.30039701493,2651.2839,1073.99441543227,2.96641094081595,1.08035234479512,102.327418646595,10.6831706827057,59.3163503466349,2841.23034671607,0.789230651865574,134
NP-ET-NMPC,21,2047,5,15,0,1,0,Collision,NaN,NaN,NaN,NaN,NaN,NaN,NaN,NaN,NaN,NaN,NaN,NaN
NP-ET-NMPC,22,2048,5,15,1,0,1,Success,74.6268656716418,1866.62305149254,2785.3259,1093.48499638577,4.47576608806112,2.59602689968959,102.056806673185,10.7585727124339,59.4843992477555,2842.27418115132,0.789520605875366,134
NP-ET-NMPC,23,2049,5,15,1,0,1,Success,75.7352941176471,1877.38218235294,2592.0258,1066.77612409428,4.65313948731938,2.69786649998541,104.898661891676,10.8247342969546,59.4603161846858,2885.34870261148,0.80148575072541,136
NP-ET-NMPC,24,2050,5,15,1,0,1,Success,74.8148148148148,1881.71808592593,3139.7161,1100.5517087962,3.74840367223461,1.87206251925788,103.369306809353,10.7574395281378,59.6378376613585,2862.87536027092,0.79524315563081,135
NP-ET-NMPC,25,2051,5,15,0,1,0,Collision,NaN,NaN,NaN,NaN,NaN,NaN,NaN,NaN,NaN,NaN,NaN,NaN
NP-ET-NMPC,26,2052,5,15,0,1,0,Collision,NaN,NaN,NaN,NaN,NaN,NaN,NaN,NaN,NaN,NaN,NaN,NaN
NP-ET-NMPC,27,2053,5,15,0,1,0,Collision,NaN,NaN,NaN,NaN,NaN,NaN,NaN,NaN,NaN,NaN,NaN,NaN
NP-ET-NMPC,28,2054,5,15,1,0,1,Success,74.6268656716418,1853.20457910448,2710.8674,1085.13256863441,3.66250488891583,1.74446891354171,103.258113185441,10.8313230773039,59.4284947325372,2846.20611077449,0.79061280854847,134
NP-ET-NMPC,29,2055,5,15,1,0,1,Success,74.6268656716418,1849.29024477612,2623.6151,1082.56702611185,3.6631751420864,1.96770073459728,102.134164948051,10.8165677087144,59.4930047371839,2843.64803537286,0.789902232048017,134
NP-ET-NMPC,30,2056,5,15,1,0,1,Success,75,1860.7064875,2664.8893,1078.62159750286,4.82368719088395,3.07190303118937,103.764431082208,10.7726237519693,59.557931809711,2881.98480289331,0.800551334137032,136
SE-ET-NMPC,1,2027,5,15,1,0,1,Success,77.3722627737226,1908.42791751825,2574.0485,1036.05818249134,3.66918261361618,1.65623895798575,109.102823494465,12.6998445532517,61.5683017541095,2951.17452213336,0.819770700592599,137
SE-ET-NMPC,2,2028,5,15,0,1,0,Collision,NaN,NaN,NaN,NaN,NaN,NaN,NaN,NaN,NaN,NaN,NaN,NaN
SE-ET-NMPC,3,2029,5,15,1,0,1,Success,75.7575757575758,1871.43737348485,2595.7442,1062.9189010813,3.59911199953144,1.72424438962139,104.105050513507,10.5036598119129,59.5212056387642,2805.01203550173,0.77917000986159,132
SE-ET-NMPC,4,2030,5,15,1,0,1,Success,77.2727272727273,1906.07550151515,2591.0802,1037.73758624556,4.26438993978889,2.58306030733467,103.509287396481,11.236845490641,59.6073227201061,2819.23311964265,0.783120311011848,132
SE-ET-NMPC,5,2031,5,15,1,0,1,Success,78.3216783216783,1935.53905384615,2935.5906,1022.79777080684,3.35905816983618,1.52215729707176,114.831118708343,10.7359121863503,60.0059362158315,3029.34644859118,0.841485124608661,143
SE-ET-NMPC,6,2032,5,15,1,0,1,Success,78.6764705882353,1938.80849852941,2594.6046,1013.31632982754,4.0925973660043,2.32676628293998,108.75644283706,12.6652697219727,61.3797549839316,2931.75494847245,0.81437637457568,136
SE-ET-NMPC,7,2033,5,15,1,0,1,Success,77.037037037037,1898.87680814815,2588.236,1040.79599509619,4.27529151368803,2.57775442155019,105.94111449653,10.8303520666985,59.3803289074558,2869.55170136659,0.797097694824052,135
SE-ET-NMPC,8,2034,5,15,1,0,1,Success,76.3358778625954,1888.51905114504,2755.8967,1056.38813754334,3.56168731463854,1.80332757421954,103.809523306961,10.0368507460976,59.1836703560271,2776.6079876551,0.771279996570862,131
SE-ET-NMPC,9,2035,5,15,1,0,1,Success,78.5185185185185,1938.54235333333,2591.1692,1018.03745317123,3.05933553119485,1.29344370272302,109.703765307842,12.4206752456755,60.8266474803527,2910.50786810156,0.80847440780599,135
SE-ET-NMPC,10,2036,5,15,1,0,1,Success,78.9473684210526,1941.90424661654,2588.7476,1006.79605878005,4.63643702407281,2.92126078534104,105.633655363347,11.3025746570566,59.5055734026726,2842.86357655325,0.789684326820347,133
SE-ET-NMPC,11,2037,5,15,1,0,1,Success,77.9411764705882,1920.83525294118,2615.4455,1025.95003301255,4.01045917638379,1.99450552218006,108.807269977167,12.7848634040983,61.0834835996493,2934.37063279906,0.815102953555294,136
SE-ET-NMPC,12,2038,5,15,1,0,1,Success,78.6764705882353,1942.22195367647,2620.0588,1015.19822677915,3.82820979014114,1.98272164013492,108.39448211707,12.6206095802171,61.4533948092805,2930.09220705256,0.813914501959045,136
SE-ET-NMPC,13,2039,5,15,1,0,1,Success,76.6917293233083,1891.06545037594,2593.5324,1046.60173278162,3.55994243982563,1.55280493071526,106.143337169364,11.4200485007783,59.9879842649094,2846.35240818009,0.790653446716691,133
SE-ET-NMPC,14,2040,5,15,1,0,1,Success,79.136690647482,1953.35707553957,2613.5375,1006.87335162705,3.68523785550656,1.98047104399106,110.903150447578,12.6369296889277,61.6822716116367,2989.45261571312,0.830403504364755,139
SE-ET-NMPC,15,2041,5,15,1,0,1,Success,80,1972.83846296296,2601.5483,990.442591122417,4.07767323435223,2.2436661801352,107.187186162489,11.2855005941814,59.7595717244116,2881.61171695838,0.800447699155104,135
SE-ET-NMPC,16,2042,5,15,1,0,1,Success,77.7777777777778,1918.91320888889,2611.0684,1029.76329220729,4.23614451524875,2.32633937934814,104.583497712771,11.324309039787,59.6752219964432,2877.22014902621,0.799227819173946,135
SE-ET-NMPC,17,2043,5,15,1,0,1,Success,77.4436090225564,1912.67600451128,2649.5251,1036.49932196012,2.93923466322999,1.28863064747025,107.229393487163,9.66372792216276,59.1148296832666,2811.60415322379,0.781001153673275,133
SE-ET-NMPC,18,2044,5,15,1,0,1,Success,78.7671232876712,1948.56322054795,2641.3809,1015.54346032997,3.29243289919958,1.38486725729012,119.744191225727,14.6439358366994,63.3253175147978,3175.32483364721,0.882034676013115,146
SE-ET-NMPC,19,2045,5,15,1,0,1,Success,78.2608695652174,1933.36498188406,2577.6169,1022.90270192791,2.95490127169772,1.29272353664077,110.54739292487,11.3375346307121,60.2931307630844,2943.42596026535,0.817618322295931,138
SE-ET-NMPC,20,2046,5,15,1,0,1,Success,77.6119402985075,1920.62052537313,3166.4041,1037.46977974637,2.5877762230376,0.876622466428117,108.447541246294,10.0627785712993,60.0810354712502,2840.42906345926,0.789008073183127,134
SE-ET-NMPC,21,2047,5,15,1,0,1,Success,79.8507462686567,1980.60276044776,3160.277,1001.01095083744,3.16921554720693,1.20601101853783,109.605148361193,10.2564794108568,59.336953553688,2846.81614605204,0.790782262792234,134
SE-ET-NMPC,22,2048,5,15,1,0,1,Success,76.1194029850746,1886.27827761194,2594.9816,1060.88026490534,4.6642369225719,2.78449773420037,103.758594191162,10.9159242155495,59.5340031543167,2848.98550957063,0.791384863769618,134
SE-ET-NMPC,23,2049,5,15,1,0,1,Success,75.7575757575758,1868.7446030303,2648.4533,1061.43676616444,5.01608645737249,3.36026287671495,101.163328521364,11.1832668194591,59.621017845586,2813.41490168321,0.781504139356448,132
SE-ET-NMPC,24,2050,5,15,1,0,1,Success,76.1194029850746,1874.70491044776,2612.9556,1054.2488608248,4.24606886450464,2.36972771152791,104.687021085816,10.81530038357,59.4435547324931,2848.72710666339,0.791313085184275,134
SE-ET-NMPC,25,2051,5,15,1,0,1,Success,79.0849673202614,1952.31349477124,2750.613,1007.86615975971,2.86497373219864,1.18113567803748,121.088040073597,13.1668305924619,64.4272438522826,3272.96166895873,0.909156019155203,153
SE-ET-NMPC,26,2052,5,15,1,0,1,Success,76.3358778625954,1884.36068931298,2737.608,1053.63817199861,3.58472080191002,1.6926583534037,102.24144293961,9.77690627011137,58.9975453475126,2768.00742268592,0.768890950746089,131
SE-ET-NMPC,27,2053,5,15,1,0,1,Success,81.0606060606061,2000.92756893939,2578.6505,971.237491985726,2.74422692709344,1.01883402548043,108.678745562029,10.853320855334,59.6387875582955,2821.50980024726,0.783752722290905,132
SE-ET-NMPC,28,2054,5,15,1,0,1,Success,75.7575757575758,1867.73395909091,2613.1311,1060.8707298965,4.14459264667945,2.22655667130533,101.01661346222,11.0730972062,59.4092102791587,2810.80554890906,0.780779319141405,132
SE-ET-NMPC,29,2055,5,15,1,0,1,Success,77.3722627737226,1908.39281386861,2618.061,1036.1400343278,4.09602119052809,2.40054678303896,110.415986784995,12.8129645831347,61.0971461275906,2956.1787933426,0.8211607759285,137
SE-ET-NMPC,30,2056,5,15,1,0,1,Success,76.1194029850746,1876.08138731343,2614.151,1055.05500467202,4.92594145080418,3.29740110184449,101.703915298532,11.2723125557897,59.7153729021235,2852.36794382341,0.792324428839837,134
3D-APF,1,2027,5,15,0,1,0,Collision,NaN,NaN,NaN,NaN,NaN,NaN,NaN,NaN,NaN,NaN,NaN,NaN
3D-APF,2,2028,5,15,0,1,0,Collision,NaN,NaN,NaN,NaN,NaN,NaN,NaN,NaN,NaN,NaN,NaN,NaN
3D-APF,3,2029,5,15,0,1,0,Collision,NaN,NaN,NaN,NaN,NaN,NaN,NaN,NaN,NaN,NaN,NaN,NaN
3D-APF,4,2030,5,15,1,0,1,Success,0,0.08461484375,1.196,0.105568120404053,3.10482243590701,1.09673602163026,109.103526019973,9.18968644829396,58.7536883145887,2715.38738930658,0.754274274807384,128
3D-APF,5,2031,5,15,0,1,0,Collision,NaN,NaN,NaN,NaN,NaN,NaN,NaN,NaN,NaN,NaN,NaN,NaN
3D-APF,6,2032,5,15,0,1,0,Collision,NaN,NaN,NaN,NaN,NaN,NaN,NaN,NaN,NaN,NaN,NaN,NaN
3D-APF,7,2033,5,15,0,1,0,Collision,NaN,NaN,NaN,NaN,NaN,NaN,NaN,NaN,NaN,NaN,NaN,NaN
3D-APF,8,2034,5,15,0,1,0,Collision,NaN,NaN,NaN,NaN,NaN,NaN,NaN,NaN,NaN,NaN,NaN,NaN
3D-APF,9,2035,5,15,0,1,0,Collision,NaN,NaN,NaN,NaN,NaN,NaN,NaN,NaN,NaN,NaN,NaN,NaN
3D-APF,10,2036,5,15,0,1,0,Collision,NaN,NaN,NaN,NaN,NaN,NaN,NaN,NaN,NaN,NaN,NaN,NaN
3D-APF,11,2037,5,15,0,1,0,Collision,NaN,NaN,NaN,NaN,NaN,NaN,NaN,NaN,NaN,NaN,NaN,NaN
3D-APF,12,2038,5,15,0,1,0,Collision,NaN,NaN,NaN,NaN,NaN,NaN,NaN,NaN,NaN,NaN,NaN,NaN
3D-APF,13,2039,5,15,0,1,0,Collision,NaN,NaN,NaN,NaN,NaN,NaN,NaN,NaN,NaN,NaN,NaN,NaN
3D-APF,14,2040,5,15,0,1,0,Collision,NaN,NaN,NaN,NaN,NaN,NaN,NaN,NaN,NaN,NaN,NaN,NaN
3D-APF,15,2041,5,15,0,1,0,Collision,NaN,NaN,NaN,NaN,NaN,NaN,NaN,NaN,NaN,NaN,NaN,NaN
3D-APF,16,2042,5,15,0,1,0,Collision,NaN,NaN,NaN,NaN,NaN,NaN,NaN,NaN,NaN,NaN,NaN,NaN
3D-APF,17,2043,5,15,0,1,0,Collision,NaN,NaN,NaN,NaN,NaN,NaN,NaN,NaN,NaN,NaN,NaN,NaN
3D-APF,18,2044,5,15,0,1,0,Collision,NaN,NaN,NaN,NaN,NaN,NaN,NaN,NaN,NaN,NaN,NaN,NaN
3D-APF,19,2045,5,15,0,1,0,Collision,NaN,NaN,NaN,NaN,NaN,NaN,NaN,NaN,NaN,NaN,NaN,NaN
3D-APF,20,2046,5,15,0,1,0,Collision,NaN,NaN,NaN,NaN,NaN,NaN,NaN,NaN,NaN,NaN,NaN,NaN
3D-APF,21,2047,5,15,0,1,0,Collision,NaN,NaN,NaN,NaN,NaN,NaN,NaN,NaN,NaN,NaN,NaN,NaN
3D-APF,22,2048,5,15,0,1,0,Collision,NaN,NaN,NaN,NaN,NaN,NaN,NaN,NaN,NaN,NaN,NaN,NaN
3D-APF,23,2049,5,15,1,0,1,Success,0,0.310429940119761,42.3422,3.27213212398415,1.79347766226188,0.178949365162254,136.648528510228,11.9246355774685,68.1036682506987,3529.96993205253,0.980547203347924,167
3D-APF,24,2050,5,15,0,1,0,Collision,NaN,NaN,NaN,NaN,NaN,NaN,NaN,NaN,NaN,NaN,NaN,NaN
3D-APF,25,2051,5,15,0,1,0,Collision,NaN,NaN,NaN,NaN,NaN,NaN,NaN,NaN,NaN,NaN,NaN,NaN
3D-APF,26,2052,5,15,0,1,0,Collision,NaN,NaN,NaN,NaN,NaN,NaN,NaN,NaN,NaN,NaN,NaN,NaN
3D-APF,27,2053,5,15,0,1,0,Collision,NaN,NaN,NaN,NaN,NaN,NaN,NaN,NaN,NaN,NaN,NaN,NaN
3D-APF,28,2054,5,15,0,1,0,Collision,NaN,NaN,NaN,NaN,NaN,NaN,NaN,NaN,NaN,NaN,NaN,NaN
3D-APF,29,2055,5,15,1,0,1,Success,0,0.074448947368421,1.5785,0.111025009213437,1.97283924934039,0.221351086617082,144.473233567901,12.0867297337917,72.2324254256256,3963.02679289687,1.10084077580468,190
3D-APF,30,2056,5,15,1,0,1,Success,0,0.0589559523809524,0.1311,0.0128672806165399,2.55714842418925,0.663314566617566,137.897366731391,11.468849367631,68.6761877875048,3540.88633124091,0.983579536455808,168
RRT*,1,2027,5,15,0,1,0,Collision,NaN,NaN,NaN,NaN,NaN,NaN,NaN,NaN,NaN,NaN,NaN,NaN
RRT*,2,2028,5,15,0,1,0,Collision,NaN,NaN,NaN,NaN,NaN,NaN,NaN,NaN,NaN,NaN,NaN,NaN
RRT*,3,2029,5,15,0,1,0,Collision,NaN,NaN,NaN,NaN,NaN,NaN,NaN,NaN,NaN,NaN,NaN,NaN
RRT*,4,2030,5,15,0,1,0,Collision,NaN,NaN,NaN,NaN,NaN,NaN,NaN,NaN,NaN,NaN,NaN,NaN
RRT*,5,2031,5,15,0,1,0,Collision,NaN,NaN,NaN,NaN,NaN,NaN,NaN,NaN,NaN,NaN,NaN,NaN
RRT*,6,2032,5,15,0,1,0,Collision,NaN,NaN,NaN,NaN,NaN,NaN,NaN,NaN,NaN,NaN,NaN,NaN
RRT*,7,2033,5,15,0,1,0,Collision,NaN,NaN,NaN,NaN,NaN,NaN,NaN,NaN,NaN,NaN,NaN,NaN
RRT*,8,2034,5,15,0,1,0,Collision,NaN,NaN,NaN,NaN,NaN,NaN,NaN,NaN,NaN,NaN,NaN,NaN
RRT*,9,2035,5,15,0,1,0,Collision,NaN,NaN,NaN,NaN,NaN,NaN,NaN,NaN,NaN,NaN,NaN,NaN
RRT*,10,2036,5,15,0,1,0,Collision,NaN,NaN,NaN,NaN,NaN,NaN,NaN,NaN,NaN,NaN,NaN,NaN
RRT*,11,2037,5,15,0,1,0,Collision,NaN,NaN,NaN,NaN,NaN,NaN,NaN,NaN,NaN,NaN,NaN,NaN
RRT*,12,2038,5,15,0,1,0,Collision,NaN,NaN,NaN,NaN,NaN,NaN,NaN,NaN,NaN,NaN,NaN,NaN
RRT*,13,2039,5,15,0,1,0,Collision,NaN,NaN,NaN,NaN,NaN,NaN,NaN,NaN,NaN,NaN,NaN,NaN
RRT*,14,2040,5,15,0,1,0,Collision,NaN,NaN,NaN,NaN,NaN,NaN,NaN,NaN,NaN,NaN,NaN,NaN
RRT*,15,2041,5,15,0,1,0,Collision,NaN,NaN,NaN,NaN,NaN,NaN,NaN,NaN,NaN,NaN,NaN,NaN
RRT*,16,2042,5,15,0,1,0,Collision,NaN,NaN,NaN,NaN,NaN,NaN,NaN,NaN,NaN,NaN,NaN,NaN
RRT*,17,2043,5,15,0,1,0,Collision,NaN,NaN,NaN,NaN,NaN,NaN,NaN,NaN,NaN,NaN,NaN,NaN
RRT*,18,2044,5,15,0,1,0,Collision,NaN,NaN,NaN,NaN,NaN,NaN,NaN,NaN,NaN,NaN,NaN,NaN
RRT*,19,2045,5,15,0,1,0,Collision,NaN,NaN,NaN,NaN,NaN,NaN,NaN,NaN,NaN,NaN,NaN,NaN
RRT*,20,2046,5,15,0,1,0,Collision,NaN,NaN,NaN,NaN,NaN,NaN,NaN,NaN,NaN,NaN,NaN,NaN
RRT*,21,2047,5,15,0,1,0,Collision,NaN,NaN,NaN,NaN,NaN,NaN,NaN,NaN,NaN,NaN,NaN,NaN
RRT*,22,2048,5,15,0,1,0,Collision,NaN,NaN,NaN,NaN,NaN,NaN,NaN,NaN,NaN,NaN,NaN,NaN
RRT*,23,2049,5,15,0,1,0,Collision,NaN,NaN,NaN,NaN,NaN,NaN,NaN,NaN,NaN,NaN,NaN,NaN
RRT*,24,2050,5,15,0,1,0,Collision,NaN,NaN,NaN,NaN,NaN,NaN,NaN,NaN,NaN,NaN,NaN,NaN
RRT*,25,2051,5,15,0,1,0,Collision,NaN,NaN,NaN,NaN,NaN,NaN,NaN,NaN,NaN,NaN,NaN,NaN
RRT*,26,2052,5,15,0,1,0,Collision,NaN,NaN,NaN,NaN,NaN,NaN,NaN,NaN,NaN,NaN,NaN,NaN
RRT*,27,2053,5,15,0,1,0,Collision,NaN,NaN,NaN,NaN,NaN,NaN,NaN,NaN,NaN,NaN,NaN,NaN
RRT*,28,2054,5,15,0,1,0,Collision,NaN,NaN,NaN,NaN,NaN,NaN,NaN,NaN,NaN,NaN,NaN,NaN
RRT*,29,2055,5,15,0,1,0,Collision,NaN,NaN,NaN,NaN,NaN,NaN,NaN,NaN,NaN,NaN,NaN,NaN
RRT*,30,2056,5,15,0,1,0,Collision,NaN,NaN,NaN,NaN,NaN,NaN,NaN,NaN,NaN,NaN,NaN,NaN
