Algorithm,Step,px,py,pz,vx,vy,vz,TriggerSignal
Proposed ET-NMPC,1,0,0,3,0,0,0,0
Proposed ET-NMPC,2,0,0,3,0.209497155622598,0.209497155622598,0.0471368600150846,0
Proposed ET-NMPC,3,0.0209497155622598,0.0209497155622598,3.00471368600151,0.418994311245197,0.418994311245197,0.0942737200301692,0
Proposed ET-NMPC,4,0.0628491466867795,0.0628491466867795,3.01414105800453,0.628491466867795,0.628491466867795,0.141410580045254,0
Proposed ET-NMPC,5,0.125698293373559,0.125698293373559,3.02828211600905,0.837988622490393,0.837988622490393,0.188547440060338,0
Proposed ET-NMPC,6,0.209497155622598,0.209497155622598,3.04713686001508,1.04748577811299,1.04748577811299,0.235684300075423,0
Proposed ET-NMPC,7,0.314245733433897,0.314245733433897,3.07070529002263,1.25698293373559,1.25698293373559,0.282821160090508,0
Proposed ET-NMPC,8,0.439944026807456,0.439944026807456,3.09898740603168,1.46648008935819,1.46648008935819,0.329958020105592,0
Proposed ET-NMPC,9,0.586592035743275,0.586592035743275,3.13198320804224,1.67597724498079,1.67597724498079,0.377094880120677,0
Proposed ET-NMPC,10,0.754189760241354,0.754189760241354,3.16969269605431,1.88547440060338,1.88547440060338,0.424231740135761,0
Proposed ET-NMPC,11,0.942737200301692,0.942737200301692,3.21211587006788,2.09497155622598,2.09497155622598,0.471368600150846,0
Proposed ET-NMPC,12,1.15223435592429,1.15223435592429,3.25925273008297,2.30446871184858,2.30446871184858,0.51850546016593,0
Proposed ET-NMPC,13,1.38268122710915,1.38268122710915,3.31110327609956,2.51396586747118,2.51396586747118,0.565642320181015,0
Proposed ET-NMPC,14,1.63407781385627,1.63407781385627,3.36766750811766,2.72346302309378,2.72346302309378,0.6127791801961,0
Proposed ET-NMPC,15,1.90642411616564,1.90642411616564,3.42894542613727,2.93296017871638,2.93296017871638,0.659916040211184,0
Proposed ET-NMPC,16,2.19972013403728,2.19972013403728,3.49493703015839,3.10754114173521,3.10754114173521,0.699196756890421,0
Proposed ET-NMPC,17,2.5104742482108,2.5104742482108,3.56485670584743,3.23847686399933,3.23847686399933,0.728657294399849,0
Proposed ET-NMPC,18,2.83432193461074,2.83432193461074,3.63772243528742,3.33667865569742,3.33667865569742,0.75075269753192,0
Proposed ET-NMPC,19,3.16798980018048,3.16798980018048,3.71279770504061,3.41032999947099,3.41032999947099,0.767324249880973,0
Proposed ET-NMPC,20,3.50902280012758,3.50902280012758,3.78953013002871,3.46556850730117,3.46556850730117,0.779752914142763,0
Proposed ET-NMPC,21,3.85557965085769,3.85557965085769,3.86750542144298,3.49161926037664,3.49161926037664,0.785614333584743,0
Proposed ET-NMPC,22,4.20474157689536,4.20474157689536,3.94606685480146,3.49161926037664,3.49161926037664,0.785614333584743,0
Proposed ET-NMPC,23,4.55390350293302,4.55390350293302,4.02462828815993,3.49161926037664,3.49161926037664,0.785614333584743,0
Proposed ET-NMPC,24,4.90306542897069,4.90306542897069,4.1031897215184,3.49161926037664,3.49161926037664,0.785614333584743,0
Proposed ET-NMPC,25,5.25222735500835,5.25222735500835,4.18175115487688,3.49161926037664,3.49161926037664,0.785614333584743,0
Proposed ET-NMPC,26,5.60138928104601,5.60138928104601,4.26031258823535,3.49161926037664,3.49161926037664,0.785614333584743,0
Proposed ET-NMPC,27,5.95055120708368,5.95055120708368,4.33887402159383,3.49161926037664,3.49161926037664,0.785614333584743,0
Proposed ET-NMPC,28,6.29971313312134,6.29971313312134,4.4174354549523,3.49161926037664,3.49161926037664,0.785614333584744,1
Proposed ET-NMPC,29,6.64887505915901,6.64887505915901,4.49599688831078,3.66642967637414,3.27861636994553,0.898870472831438,1
Proposed ET-NMPC,30,7.01551802679642,6.97673669615356,4.58588393559392,3.83232891838437,3.05348240597898,0.994736275447753,1
Proposed ET-NMPC,31,7.39875091863486,7.28208493675146,4.68535756313869,3.99629101322721,2.81604298389518,1.04859908947806,1
Proposed ET-NMPC,32,7.79838001995758,7.56368923514098,4.7902174720865,4.14633201128484,2.57345662212508,1.08869273270066,1
Proposed ET-NMPC,33,8.21301322108606,7.82103489735348,4.89908674535657,4.22766221887242,2.39699711193367,1.17527741767651,1
Proposed ET-NMPC,34,8.6357794429733,8.06073460854685,5.01661448712422,4.20374491002781,2.47039364294559,1.10710612874703,1
Proposed ET-NMPC,35,9.05615393397609,8.30777397284141,5.12732509999892,4.18527803785535,2.5417251794285,1.01147459587714,1
Proposed ET-NMPC,36,9.47468173776162,8.56194649078426,5.22847255958663,4.13534795457975,2.5759376767978,1.12402952799588,1
Proposed ET-NMPC,37,9.8882165332196,8.81954025846404,5.34087551238622,4.08550728364319,2.60682487508883,1.23007898360902,1
Proposed ET-NMPC,38,10.2967672615839,9.08022274597292,5.46388341074712,4.07745680221828,2.55242694740068,1.36362117328336,1
Proposed ET-NMPC,39,10.7045129418057,9.33546544071299,5.60024552807546,4.14697908589138,2.55701393211496,1.12438614903843,1
Proposed ET-NMPC,40,11.1192108503949,9.59116683392449,5.7126841429793,4.29560420402137,2.38094356002569,0.937492552699033,1
Proposed ET-NMPC,41,11.548771270797,9.82926118992705,5.80643339824921,4.35954724691772,2.18874098575079,1.09716028873943,1
Proposed ET-NMPC,42,11.9847259954888,10.0481352885021,5.91614942712315,4.35835381551954,2.10898805138405,1.24776657186574,1
Proposed ET-NMPC,43,12.4205613770407,10.2590340936405,6.04092608430972,4.36757721142471,1.99474927454881,1.3947202708538,1
Proposed ET-NMPC,44,12.8573190981832,10.4585090210954,6.1803981113951,4.40196209789161,2.06418085806013,1.16699917478283,1
Proposed ET-NMPC,45,13.2975153079724,10.6649271069014,6.29709802887338,4.37705901667677,2.15909483324696,1.08612331969021,1
Proposed ET-NMPC,46,13.7352212096401,10.8808365902261,6.40571036084241,4.37349221669219,2.24808779196008,0.904802249208548,1
Proposed ET-NMPC,47,14.1725704313093,11.1056453694221,6.49619058576326,4.29139928062845,2.40356870363357,0.898192463303307,1
Proposed ET-NMPC,48,14.6017103593721,11.3460022397855,6.58600983209359,4.26833526518538,2.47775063390989,0.801290122324003,1
Proposed ET-NMPC,49,15.0285438858907,11.5937773031765,6.66613884432599,4.30151573681414,2.36410447334393,0.952875860254363,1
Proposed ET-NMPC,50,15.4586954595721,11.8301877505109,6.76142643035143,4.26952457648669,2.46165610221503,0.843450724822562,1
Proposed ET-NMPC,51,15.8856479172207,12.0763533607324,6.84577150283368,4.19584960159043,2.60917710045684,0.766185995229005,1
Proposed ET-NMPC,52,16.3052328773798,12.3372710707781,6.92239010235658,4.13433326298084,2.69230977122455,0.811638199186701,1
Proposed ET-NMPC,53,16.7186662036779,12.6065020479005,7.00355392227525,4.06398960073265,2.82066214137777,0.726535346239323,1
Proposed ET-NMPC,54,17.1250651637511,12.8885682620383,7.07620745689919,3.9519442521166,2.98526334267534,0.685812950476618,1
Proposed ET-NMPC,55,17.5202595889628,13.1870945963058,7.14478875194685,3.91194686097698,3.05075886442433,0.624133085189984,1
Proposed ET-NMPC,56,17.9114542750605,13.4921704827483,7.20720206046585,3.8434556123328,3.13573303938607,0.628511942392581,1
Proposed ET-NMPC,57,18.2957998362938,13.8057437866869,7.2700532547051,3.81413762439976,3.14209897219358,0.761293787626155,1
Proposed ET-NMPC,58,18.6772135987337,14.1199536839062,7.34618263346772,3.78370268088471,3.14598611551684,0.886772453136171,1
Proposed ET-NMPC,59,19.0555838668222,14.4345522954579,7.43485987878134,3.75250679098748,3.14773259828195,1.005222499403,1
Proposed ET-NMPC,60,19.430834545921,14.7493255552861,7.53538212872164,3.72085946437072,3.14764386474489,1.11693462079778,1
Proposed ET-NMPC,61,19.802920492358,15.0640899417606,7.64707559080142,3.70646406555597,3.11970885889546,1.2367460396021,1
Proposed ET-NMPC,62,20.1735668989136,15.3760608276501,7.77075019476163,3.75628888824838,3.0079052951255,1.35749752249415,1
Proposed ET-NMPC,63,20.5491957877385,15.6768513571627,7.90649994701104,3.88354704605353,2.81563142632812,1.41077355098627,1
Proposed ET-NMPC,64,20.9375504923438,15.9584144997955,8.04757730210967,4.00156556743084,2.60469903587871,1.45609624591475,1
Proposed ET-NMPC,65,21.3377070490869,16.2188844033834,8.19318692670114,3.92202781219058,2.37588808398186,1.27912366672974,1
Proposed ET-NMPC,66,21.729909830306,16.4564732117816,8.32109929337412,3.72291161184605,2.1667632533465,1.36048424669382,1
Proposed ET-NMPC,67,22.1022009914906,16.6731495371162,8.4571477180435,3.51287421896638,1.95672625398472,1.40254078591678,1
Proposed ET-NMPC,68,22.4534884133872,16.8688221625147,8.59740179663518,3.2585524065712,1.81180678318164,1.33682349198144,1
Proposed ET-NMPC,69,22.7793436540443,17.0500028408328,8.73108414583332,3.49362108065823,1.99617539793283,1.3094203469486,1
Proposed ET-NMPC,70,23.1287057621102,17.2496203806261,8.86202618052818,3.72462910224008,2.16701998091151,1.22312189718455,1
Proposed ET-NMPC,71,23.5011686723342,17.4663223787173,8.98433837024664,3.83935485786329,2.22459477829059,1.19017608659824,1
Proposed ET-NMPC,72,23.8851041581205,17.6887818565463,9.10335597890646,3.74879566884318,2.1898665468581,1.25794872704246,1
Proposed ET-NMPC,73,24.2599837250048,17.9077685112322,9.22915085161071,3.60674545329085,2.0644231907307,1.10300700769705,1
Proposed ET-NMPC,74,24.6206582703339,18.1142108303052,9.33945155238041,3.42815289660523,1.84274191215122,1.00833858939474,1
Proposed ET-NMPC,75,24.9634735599944,18.2984850215203,9.44028541131989,3.23425079273994,1.62297721085418,0.94426480239542,1
Proposed ET-NMPC,76,25.2868986392684,18.4607827426058,9.53471189155943,3.40745553339454,1.79618246628967,1.11747004857548,1
Proposed ET-NMPC,77,25.6276441926079,18.6404009892347,9.64645889641698,3.40306009165951,2.00829173756133,1.32957930611168,1
Proposed ET-NMPC,78,25.9679502017738,18.8412301629909,9.77941682702815,3.49538824421633,2.21012771923685,1.5314152512417,1
Proposed ET-NMPC,79,26.3174890261954,19.0622429349145,9.93255835215232,3.66233164137977,2.38638024930923,1.70766776267519,1
Proposed ET-NMPC,80,26.6837221903334,19.3008809598455,10.1033251284198,3.80618534940732,2.57253357658754,1.89382105818709,1
Proposed ET-NMPC,81,27.0643407252742,19.5581343175042,10.2927072342385,3.78408404557483,2.61097925956068,1.96557758487677,1
Proposed ET-NMPC,82,27.4427491298316,19.8192322434603,10.4892649927262,3.74020782536814,2.63145495124634,2.02145746000652,1
Proposed ET-NMPC,83,27.8167699123684,20.0823777385849,10.6914107387269,3.69799521282942,2.65027474193735,2.07385515360635,1
Proposed ET-NMPC,84,28.1865694336514,20.3474052127787,10.8987962540875,3.6574500135559,2.66757996076097,2.12298764746441,1
Proposed ET-NMPC,85,28.552314435007,20.6141632088548,11.111095018834,3.61856417130177,2.68350001330707,2.16905993848766,1
Proposed ET-NMPC,86,28.9141708521372,20.8825132101855,11.3280010126827,3.58131994649795,2.69815342893791,2.2122647930857,1
Proposed ET-NMPC,87,29.272302846787,21.1523285530793,11.5492274919913,3.59022255759969,2.75405803585268,2.12731434490948,1
Proposed ET-NMPC,88,29.6313251025469,21.4277343566645,11.7619589264822,3.61151615640797,2.81725104667058,2.0050056339167,1
Proposed ET-NMPC,89,29.9924767181877,21.7094594613316,11.9624594898739,3.63314164439418,2.878208263163,1.87515305658737,1
Proposed ET-NMPC,90,30.3557908826271,21.9972802876479,12.1499747955326,3.62589462614399,2.9461575672109,1.7813039463455,1
Proposed ET-NMPC,91,30.7183803452415,22.291896044369,12.3281051901672,3.58771273717201,3.08492887167933,1.61602325856189,1
Proposed ET-NMPC,92,31.0771516189587,22.6003889315369,12.4897075160234,3.43718100686559,3.27007969703026,1.57872274358511,1
Proposed ET-NMPC,93,31.4208697196453,22.9273969012399,12.6475797903819,3.27441901085832,3.48740261834357,1.45471753921511,1
Proposed ET-NMPC,94,31.7483116207311,23.2761371630743,12.7930515443034,3.05141246013201,3.68639614772507,1.4489187141413,1
Proposed ET-NMPC,95,32.0534528667443,23.6447767778468,12.9379434157175,2.81945021031143,3.87128643324511,1.43660776252505,1
Proposed ET-NMPC,96,32.3353978877755,24.0319054211713,13.08160419197,2.57713834578436,4.03455406175829,1.44247407929485,1
Proposed ET-NMPC,97,32.5931117223539,24.4353608273471,13.2258515998995,2.33846129087951,4.19497227062438,1.39061369177448,1
Proposed ET-NMPC,98,32.8269578514419,24.8548580544096,13.364912969077,2.10734507119549,4.34517215356503,1.29559859014709,1
Proposed ET-NMPC,99,33.0376923585614,25.2893752697661,13.4944728280917,1.87802152279524,4.48009335476254,1.18397579896312,1
Proposed ET-NMPC,100,33.2254945108409,25.7373846052423,13.612870407988,1.65460868545527,4.59962718022199,1.05152265832892,1
Proposed ET-NMPC,101,33.3909553793865,26.1973473232645,13.7180226738209,1.4465428240242,4.70344053336998,0.886093114360097,1
Proposed ET-NMPC,102,33.5356096617889,26.6676913766015,13.8066319852569,1.2480605149243,4.79035776791358,0.703432588438196,1
Proposed ET-NMPC,103,33.6604157132813,27.1467271533929,13.8769752441007,1.2368890067563,4.82405803594569,0.445611546970281,1
Proposed ET-NMPC,104,33.7841046139569,27.6291329569875,13.9215363987977,1.39146445409038,4.79635735479558,0.242451640747747,1
Proposed ET-NMPC,105,33.923251059366,28.108768692467,13.9457815628725,1.52935254323973,4.76010842872586,0.0494827773993675,1
Proposed ET-NMPC,106,34.07618631369,28.5847795353396,13.9507298406124,1.64801691656124,4.71880790250353,-0.129970081165537,1
Proposed ET-NMPC,107,34.2409880053461,29.05666032559,13.9377328324959,1.74682318484415,4.67572063906329,-0.293675443863602,1
Proposed ET-NMPC,108,34.4156703238305,29.5242323894963,13.9083652881095,1.833458616831,4.63029862163713,-0.445829759923494,1
Proposed ET-NMPC,109,34.5990161855136,29.98726225166,13.8637823121172,1.91385133905795,4.58133141394868,-0.590402851918165,1
Proposed ET-NMPC,110,34.7904013194194,30.4453953930549,13.8047420269254,1.98832162369052,4.52960775214891,-0.727482461944762,1
Proposed ET-NMPC,111,34.9892334817884,30.8983561682698,13.7319937807309,2.05724872153536,4.47584558872082,-0.85704956896872,1
Proposed ET-NMPC,112,35.194958353942,31.3459407271418,13.646288823834,2.12719710796847,4.42288376371778,-0.955579236114021,1
Proposed ET-NMPC,113,35.4076780647388,31.7882291035136,13.5507309002226,2.19813831587165,4.37290060830227,-1.02270631865,1
Proposed ET-NMPC,114,35.627491896326,32.2255191643438,13.4484602683576,2.26949024486553,4.32719916029649,-1.06054771490466,1
Proposed ET-NMPC,115,35.8544409208125,32.6582390803735,13.3424054968672,2.34046134887184,4.28622896805928,-1.07260519661546,1
Proposed ET-NMPC,116,36.0884870556997,33.0868619771794,13.2351449772056,2.41022697678491,4.24977701698067,-1.06310922595993,1
Proposed ET-NMPC,117,36.3295097533782,33.5118396788775,13.1288340546096,2.47805652916527,4.21723954186563,-1.03640073561647,1
Proposed ET-NMPC,118,36.5773154062947,33.933563633064,13.025193981048,2.54337365019687,4.18786345262129,-0.996519030266416,1
Proposed ET-NMPC,119,36.8316527713144,34.3523499783262,12.9255420780213,2.59546011430439,4.16740894899426,-0.946725644998403,1
Proposed ET-NMPC,120,37.0911987827449,34.7690908732256,12.8308695135215,2.5897810709616,4.18374426308227,-0.88843567331302,1
Proposed ET-NMPC,121,37.350176889841,35.1874652995338,12.7420259461902,2.53204752086918,4.23181353738882,-0.824917897025485,1
Proposed ET-NMPC,122,37.6033816419279,35.6106466532727,12.6595341564876,2.49084885860627,4.26500333221853,-0.778086460327288,1
Proposed ET-NMPC,123,37.8524665277886,36.0371469864946,12.5817255104549,2.46192108242464,4.28789586476439,-0.743568179018903,1
Proposed ET-NMPC,124,38.098658636031,36.465936572971,12.507368692553,2.37161199009051,4.18089672297228,-0.696861991205111,1
Proposed ET-NMPC,125,38.3358198350401,36.8840262452682,12.4376824934325,2.23771810682305,3.98710131238576,-0.64223688213091,1
Proposed ET-NMPC,126,38.5595916457224,37.2827363765068,12.3734588052194,2.07619866280823,3.74118605516086,-0.583609623375685,1
Proposed ET-NMPC,127,38.7672115120032,37.6568549820229,12.3150978428818,1.92054647603238,3.49018597318426,-0.53096595709343,1
Proposed ET-NMPC,128,38.9592661596065,38.0058735793413,12.2620012471725,1.75986029047711,3.24222503551234,-0.479049455279849,1
Proposed ET-NMPC,129,39.1352521886542,38.3300960828926,12.2140963016445,1.59423383393346,2.99751577128122,-0.427230029460391,1
Proposed ET-NMPC,130,39.2946755720475,38.6298476600207,12.1713732986985,1.4270026750999,2.75373823870773,-0.376178544393213,1
Proposed ET-NMPC,131,39.4373758395575,38.9052214838914,12.1337554442592,1.26093800848888,2.50887775899229,-0.326520997364598,1
Proposed ET-NMPC,132,39.5634696404064,39.1561092597907,12.1011033445227,1.09849349041981,2.26120383392752,-0.278882720818175,0
Proposed ET-NMPC,133,39.6733189894484,39.3822296431834,12.0732150724409,0.982701967666024,1.99331960678375,-0.244236056198615,0
C-NMPC,1,0,0,3,0,0,0,1
C-NMPC,2,0,0,3,0.173205277926179,0.173205277926179,0.173204686417633,1
C-NMPC,3,0.0173205277926179,0.0173205277926179,3.01732046864176,0.3464106545174,0.3464106545174,0.346409175504338,1
C-NMPC,4,0.0519615932443578,0.0519615932443578,3.0519613861922,0.520810037285086,0.520810037285086,0.517200599705029,1
C-NMPC,5,0.104042596972866,0.104042596972866,3.1036814461627,0.705902505115227,0.705902505115227,0.66376647808433,1
C-NMPC,6,0.174632847484389,0.174632847484389,3.17005809397113,0.900510297935562,0.900510297935562,0.78316335386923,1
C-NMPC,7,0.264683877277945,0.264683877277945,3.24837442935806,1.10265976999127,1.10265976999127,0.874109392239211,1
C-NMPC,8,0.374949854277073,0.374949854277073,3.33578536858198,1.31001920329116,1.31001920329116,0.937387594197699,1
C-NMPC,9,0.505951774606189,0.505951774606189,3.42952412800175,1.52042211056427,1.52042211056427,0.975613674588593,1
C-NMPC,10,0.657993985662616,0.657993985662616,3.52708549546061,1.73221592554357,1.73221592554357,0.992547660328088,1
C-NMPC,11,0.831215578216972,0.831215578216972,3.62634026149342,1.94434791717576,1.94434791717576,0.992357259916183,1
C-NMPC,12,1.02565036993455,1.02565036993455,3.72557598748503,2.15627266902233,2.15627266902233,0.979098334260668,1
C-NMPC,13,1.24127763683678,1.24127763683678,3.8234858209111,2.36779925715035,2.36779925715035,0.956448719918573,1
C-NMPC,14,1.47805756255182,1.47805756255182,3.91913069290296,2.57894944591277,2.57894944591277,0.92761825736277,1
C-NMPC,15,1.73595250714309,1.73595250714309,4.01189251863924,2.78985080168512,2.78985080168512,0.895350064559769,1
C-NMPC,16,2.01493758731161,2.01493758731161,4.10142752509521,3.00066458590082,3.00066458590092,0.861956999871541,1
C-NMPC,17,2.31500404590169,2.3150040459017,4.18762322508237,3.21154107025317,3.21154106858738,0.829365323066262,1
C-NMPC,18,2.63615815292701,2.63615815276044,4.27055975738899,3.42259495095306,3.42259493024818,0.799157262559561,1
C-NMPC,19,2.97841764802231,2.97841764578526,4.35047548364495,3.49624521534199,3.49624515827618,0.743329797215624,1
C-NMPC,20,3.32804216955651,3.32804216161287,4.42480846336651,3.50202373296699,3.50202361103691,0.686775364639674,1
C-NMPC,21,3.67824454285321,3.67824452271656,4.49348599983048,3.50602862125994,3.50602833149235,0.64461511437379,1
C-NMPC,22,4.0288474049792,4.0288473558658,4.55794751126786,3.50871558769069,3.50871472666289,0.61468357029883,1
C-NMPC,23,4.37971896374827,4.37971882853209,4.61941586829774,3.51818642278931,3.50252421745057,0.595557218639205,1
C-NMPC,24,4.7315376060272,4.72997125027714,4.67897159016166,3.57345418792907,3.44695124519965,0.590721829619273,1
C-NMPC,25,5.08888302482011,5.07466637479711,4.73804377312359,3.67390625668715,3.33809618484904,0.599605435074822,1
C-NMPC,26,5.45627365048883,5.40847599328201,4.79800431663107,3.78010512860745,3.21501099547419,0.611971825867584,1
C-NMPC,27,5.83428416334957,5.72997709282943,4.85920149921783,3.86265687852384,3.11281599632818,0.624706660598278,1
C-NMPC,28,6.22054985120196,6.04125869246225,4.92167216527766,3.92806658432673,3.02738672127948,0.636570929996323,1
C-NMPC,29,6.61335650963463,6.3439973645902,4.98532925827729,3.97146107821782,2.96904586806056,0.642077516779312,1
C-NMPC,30,7.01050261745641,6.64090195139625,5.04953700995522,3.97523273379808,2.96485323865022,0.638098727005111,1
C-NMPC,31,7.40802589083622,6.93738727526128,5.11334688265573,3.95106091088975,2.99734802024836,0.636413799310054,1
C-NMPC,32,7.80313198192519,7.23712207728611,5.17698826258674,3.92764999706928,3.02748074327914,0.638690730788913,1
C-NMPC,33,8.19589698163212,7.53987015161403,5.24085733566563,3.90261344732116,3.05273720741707,0.671121317825197,1
C-NMPC,34,8.58615832636424,7.84514387235573,5.30796946744815,3.88159142141003,3.07951069782823,0.670717451090699,1
C-NMPC,35,8.97431746850524,8.15309494213856,5.37504121255722,3.86131609983459,3.10437422404734,0.673126031459707,1
C-NMPC,36,9.3604490784887,8.46353236454329,5.44235381570319,3.76364362303271,3.25107199037027,0.515283991828899,1
C-NMPC,37,9.73681344079197,8.78863956358032,5.49388221488608,3.87234296484627,3.08456925099968,0.700280299874875,1
C-NMPC,38,10.1240477372766,9.09709648868029,5.56391024487356,3.9501657257828,2.98458795250828,0.698874446945392,1
C-NMPC,39,10.5190643098549,9.39555528393111,5.6337976895681,4.02764349973623,2.82973711436349,0.87788137161365,1
C-NMPC,40,10.9218286598285,9.67852899536746,5.72158582672947,4.08051145304913,2.69272804137069,1.04816123604665,1
C-NMPC,41,11.3298798051334,9.94780179950453,5.82640195033413,4.15669601287004,2.50232066823593,1.20841612448264,1
C-NMPC,42,11.7455494064204,10.1980338663281,5.9472435627824,4.23916221016705,2.28030581965256,1.35266741098849,1
C-NMPC,43,12.1694656274371,10.4260644482934,6.08251030388125,4.21862239932026,2.26061240534314,1.44667086953531,1
C-NMPC,44,12.5913278673691,10.6521256888277,6.22717739083478,4.19403575473722,2.24836293173963,1.53457753638092,1
C-NMPC,45,13.0107314428429,10.8769619820017,6.38063514447287,4.24582087033908,2.04585365889125,1.66957717503396,1
C-NMPC,46,13.4353135298768,11.0815473478908,6.54759286197627,4.24446231282398,2.14822040009759,1.53937935143402,1
C-NMPC,47,13.8597597611592,11.2963693879005,6.70153079711967,4.21400077045611,2.23044239080475,1.50576367597857,1
C-NMPC,48,14.2811598382048,11.519413626981,6.85210716471753,4.23859610798433,2.20932899367786,1.46736785813049,1
C-NMPC,49,14.7050194490032,11.7403465263488,6.99884395053058,4.29634823100397,2.24297548244484,1.22900482631288,1
C-NMPC,50,15.1346542721036,11.9646440745933,7.12174443316186,4.27652418531453,2.34345505479028,1.10433658754827,1
C-NMPC,51,15.5623066906351,12.1989895800723,7.23217809191669,4.22207778711168,2.45282507165426,1.07596855318473,1
C-NMPC,52,15.9845144693462,12.4442720872377,7.33977494723516,4.21307068346408,2.55138115794143,0.86051705563395,1
C-NMPC,53,16.4058215376926,12.6994102030319,7.42582665279856,4.18674678261513,2.65247261723759,0.659954841687373,1
C-NMPC,54,16.8244962159542,12.9646574647556,7.49182213696729,4.13752380171373,2.75686249435704,0.529722547622695,1
C-NMPC,55,17.2382485961255,13.2403437141914,7.54479439172956,4.09216102948085,2.84859674605177,0.37378427893836,1
C-NMPC,56,17.6474646990736,13.5252033887965,7.5821728196234,4.05794232449575,2.8760544449943,0.51128751255494,1
C-NMPC,57,18.0532589315232,13.812808833296,7.63330157087889,4.02189265542484,2.89845601733629,0.650639826483747,1
C-NMPC,58,18.4554481970657,14.1026544350296,7.69836555352727,3.98449173887042,2.91745480510256,0.782485171142164,1
C-NMPC,59,18.8538973709527,14.3943999155398,7.77661407064149,3.94617153225395,2.9334207382222,0.907068360486944,1
C-NMPC,60,19.2485145241781,14.6877419893621,7.86732090669018,3.90983143766188,2.95085092317272,1.00284443373912,1
C-NMPC,61,19.6394976679443,14.9828270816793,7.96760535006409,3.8827062955357,2.95638696329794,1.08828670204563,1
C-NMPC,62,20.0277682974979,15.2784657780091,8.07643402026866,3.90691673214858,2.91935214770952,1.10153741911988,1
C-NMPC,63,20.4184599707127,15.5704009927801,8.18658776218064,3.99873382031232,2.79100072131441,1.10473653325709,1
C-NMPC,64,20.818333352744,15.8495010649115,8.29706141550635,4.11021903063294,2.66894892297398,0.991368330530518,1
C-NMPC,65,21.2293552558073,16.1163959572089,8.3961982485594,3.99406815618819,2.43677556783021,0.841020375682429,1
C-NMPC,66,21.6287620714261,16.3600735139919,8.48030028612765,3.87674822873363,2.24153633349341,1.03625786183107,1
C-NMPC,67,22.0164368942994,16.5842271473413,8.58392607231075,3.98442207561125,2.32053556529133,0.901380606025945,1
C-NMPC,68,22.4148791018606,16.8162807038704,8.67406413291335,3.69228290633348,2.26132178104878,0.867492060330163,1
C-NMPC,69,22.7841073924939,17.0424128819753,8.76081333894636,3.92576270288715,2.43917771046088,0.805407819381154,1
C-NMPC,70,23.1766836627826,17.2863306530214,8.84135412088448,4.05502574049279,2.49142086370201,0.741942299165328,1
C-NMPC,71,23.5821862368319,17.5354727393916,8.91554835080101,4.01529439819341,2.41000575345446,0.77115412287393,1
C-NMPC,72,23.9837156766512,17.776473314737,8.99266376308841,4.18849948252694,2.23680067146807,0.944359198824663,1
C-NMPC,73,24.4025656249039,18.0001533818838,9.08709968297087,4.36151153019892,2.16106549424353,1.14324673694347,1
C-NMPC,74,24.8387167779238,18.2162599313082,9.20142435666522,4.30928017562518,2.20341946922964,1.25500876912616,1
C-NMPC,75,25.2696447954864,18.4366018782312,9.32692523357783,4.25222653741884,2.25454089275576,1.35484864001965,1
C-NMPC,76,25.6948674492282,18.6620559675067,9.4624100975798,4.15298975183783,2.35168965642193,1.49071522465161,1
C-NMPC,77,26.110166424412,18.8972249331489,9.61148162004496,3.99433298553243,2.50643477151074,1.66225411319976,1
C-NMPC,78,26.5095997229653,19.1478684103,9.77770703136494,3.83744348699792,2.63921364415825,1.81894992360598,1
C-NMPC,79,26.8933440716651,19.4117897747158,9.95960202372554,3.78129851869004,2.6685617314498,1.89223671827659,1
C-NMPC,80,27.2714739235341,19.6786459478608,10.1488256955532,3.73800412592439,2.68618697881474,1.95236386706434,1
C-NMPC,81,27.6452743361265,19.9472646457423,10.3440620822596,3.69629163413416,2.70227093392526,2.00877075722754,1
C-NMPC,82,28.0149034995399,20.2174917391348,10.5449391579824,3.65617496446672,2.71695370195134,2.06168552661644,1
C-NMPC,83,28.3805209959866,20.4891871093299,10.751107710644,3.61765501909324,2.73036296115632,2.11132429133357,1
C-NMPC,84,28.7422864978959,20.7622234054456,10.9622401397774,3.58072183769851,2.74261494227605,2.15789119267704,1
C-NMPC,85,29.1003586816658,21.0364848996732,11.1780292590451,3.55154927978624,2.76040236887954,2.18327196545324,1
C-NMPC,86,29.4555136096444,21.3125251365611,11.3963564555904,3.54880029271666,2.80142198094466,2.13495933616878,1
C-NMPC,87,29.8103936389161,21.5926673346556,11.6098523892073,3.56421008501023,2.85589279131847,2.03476849651417,1
C-NMPC,88,30.1668146474171,21.8782566137874,11.8133292388587,3.57926053951899,2.90790676878701,1.93209011546692,1
C-NMPC,89,30.524740701369,22.1690472906661,12.0065382504054,3.58024229681315,3.00278199691714,1.7790911654832,1
C-NMPC,90,30.8827649310503,22.4693254903579,12.1844473669537,3.49569928694847,3.15781244926076,1.67580041488292,1
C-NMPC,91,31.2323348597451,22.7851067352839,12.352027408442,3.32684844201499,3.36136938014786,1.62273698856803,1
C-NMPC,92,31.5650197039466,23.1212436732987,12.5143011072988,3.10231375132303,3.5556093228446,1.65326698740782,1
C-NMPC,93,31.8752510790789,23.4768046055832,12.6796278060396,2.88973784833904,3.75740957805917,1.5910023351919,1
C-NMPC,94,32.1642248639128,23.8525455633891,12.8387280395588,2.65475593271599,3.93549520693022,1.56976062313288,1
C-NMPC,95,32.4297004571844,24.2460950840821,12.9957041018721,2.41255891875151,4.09656367813867,1.54845907098235,1
C-NMPC,96,32.6709563490596,24.655751451896,13.1505500089703,2.18110848244151,4.25455154054181,1.46340595075155,1
C-NMPC,97,32.8890671973037,25.0812066059502,13.2968906040455,1.95357215289929,4.39892191342606,1.35389875655327,1
C-NMPC,98,33.0844244125937,25.5210987972928,13.4322804797008,1.73373997314874,4.52883825205516,1.21810089575048,1
C-NMPC,99,33.2577984099086,25.9739826224983,13.5540905692758,1.52247497733176,4.64299305030478,1.06051189442654,1
C-NMPC,100,33.4100459076417,26.4382819275288,13.6601417587185,1.32339597787303,4.7406408367884,0.88031104862071,1
C-NMPC,101,33.542385505429,26.9123460112076,13.7481728635806,1.25095586635957,4.79889322465992,0.636971929313772,1
C-NMPC,102,33.667481092065,27.3922353336736,13.8118700565119,1.39967009653813,4.78061517660773,0.432021011114928,1
C-NMPC,103,33.8074481017188,27.8702968513344,13.8550721576234,1.53463917690951,4.75283852511323,0.235390209851698,1
C-NMPC,104,33.9609120194098,28.3455807038457,13.8786111786086,1.65303003946026,4.71857808075772,0.0501256863769791,1
C-NMPC,105,34.1262150233558,28.8174385119215,13.8836237472463,1.75354908878733,4.68084758694556,-0.121373230158383,1
C-NMPC,106,34.3015699322345,29.285523270616,13.8714864242305,1.84174907102523,4.63989999886753,-0.281581888421095,1
C-NMPC,107,34.485744839337,29.7495132705028,13.8433282353884,1.9235333121325,4.59472863028697,-0.434152520593654,1
C-NMPC,108,34.6780981705503,30.2089861335315,13.799912983329,1.99922038180387,4.54617974290069,-0.579109324928738,1
C-NMPC,109,34.8780202087307,30.6636041078215,13.7420020508361,2.06914566660216,4.49501898400233,-0.716547656363587,1
C-NMPC,110,35.0849347753909,31.1131060062218,13.6703472851998,2.13509281148872,4.44227156561774,-0.841190836631778,1
C-NMPC,111,35.2984440565398,31.5573331627836,13.5862282015366,2.20204775790096,4.39068665335776,-0.934267833091457,1
C-NMPC,112,35.5186488323299,31.9964018281193,13.4928014182274,2.26978820059861,4.34223534855642,-0.996520798664263,1
C-NMPC,113,35.7456276523897,32.430625362975,13.393149338361,2.33775549553807,4.29804488202244,-1.03039285478999,1
C-NMPC,114,35.9794032019435,32.8604298511772,13.290110052882,2.40521177305927,4.25843755804666,-1.03955081210812,1
C-NMPC,115,36.2199243792495,33.2862736069819,13.1861549716712,2.4714014671305,4.22314046718936,-1.02823119124683,1
C-NMPC,116,36.4670645259625,33.7085876537008,13.0833318525465,2.53566218228197,4.1915474581253,-1.00067337509719,1
C-NMPC,117,36.7206307441907,34.1277423995133,12.9832645150368,2.59747351151478,4.1629389928393,-0.960765475481526,1
C-NMPC,118,36.9803780953422,34.5440362987973,12.8871879674886,2.61367413140595,4.16393067745695,-0.911256741073682,1
C-NMPC,119,37.2417455084828,34.960429366543,12.7960622933813,2.56998408952735,4.20294366395091,-0.854661533726196,1
C-NMPC,120,37.4987439174355,35.3807237329381,12.7105961400087,2.51077409034241,4.2488400216535,-0.802104692456496,1
C-NMPC,121,37.7498213264697,35.8056077351034,12.630385670763,2.46912726474329,4.28016294812082,-0.763947438005438,1
C-NMPC,122,37.9967340529441,36.2336240299155,12.5539909269625,2.40554666130345,4.24232101382999,-0.725262087438797,1
C-NMPC,123,38.2372887190744,36.6578561312985,12.4814647182186,2.29066767471332,4.09438933508072,-0.675861869664232,1
C-NMPC,124,38.4663554865457,37.0672950648066,12.4138785312522,2.14068816869035,3.8767028114854,-0.619797379613036,1
C-NMPC,125,38.6804243034148,37.4549653459551,12.3518987932909,1.98140206525196,3.62852970208786,-0.564678916069788,1
C-NMPC,126,38.87856450994,37.8178183161639,12.2954309016839,1.82494493940756,3.37781122679605,-0.513090022692797,1
C-NMPC,127,39.0610590038807,38.1555994388435,12.2441218994146,1.66178363720265,3.13150974731431,-0.46099423910237,1
C-NMPC,128,39.227237367601,38.4687504135749,12.1980224755044,1.49562660485378,2.88716161295388,-0.409169246718419,1
C-NMPC,129,39.3768000280864,38.7574665748703,12.1571055508325,1.32945753937337,2.64262150332031,-0.35829708873618,1
C-NMPC,130,39.5097457820237,39.0217287252023,12.1212758419589,1.1658463994151,2.39603568831519,-0.309034215090657,1
C-NMPC,131,39.6263304219652,39.2613322940338,12.0903724204498,1.00712638115061,2.14583693275917,-0.262039124705165,1
C-NMPC,132,39.7270430600803,39.4759159873098,12.0641685079793,0.855475951539108,1.89076952039757,-0.217962346807951,1
NP-ET-NMPC,1,0,0,3,0,0,0,0
NP-ET-NMPC,2,0,0,3,0.209497155622598,0.209497155622598,0.0471368600150846,0
NP-ET-NMPC,3,0.0209497155622598,0.0209497155622598,3.00471368600151,0.418994311245197,0.418994311245197,0.0942737200301692,0
NP-ET-NMPC,4,0.0628491466867795,0.0628491466867795,3.01414105800453,0.628491466867795,0.628491466867795,0.141410580045254,0
NP-ET-NMPC,5,0.125698293373559,0.125698293373559,3.02828211600905,0.837988622490393,0.837988622490393,0.188547440060338,0
NP-ET-NMPC,6,0.209497155622598,0.209497155622598,3.04713686001508,1.04748577811299,1.04748577811299,0.235684300075423,0
NP-ET-NMPC,7,0.314245733433897,0.314245733433897,3.07070529002263,1.25698293373559,1.25698293373559,0.282821160090508,0
NP-ET-NMPC,8,0.439944026807456,0.439944026807456,3.09898740603168,1.46648008935819,1.46648008935819,0.329958020105592,0
NP-ET-NMPC,9,0.586592035743275,0.586592035743275,3.13198320804224,1.67597724498079,1.67597724498079,0.377094880120677,0
NP-ET-NMPC,10,0.754189760241354,0.754189760241354,3.16969269605431,1.88547440060338,1.88547440060338,0.424231740135761,0
NP-ET-NMPC,11,0.942737200301692,0.942737200301692,3.21211587006788,2.09497155622598,2.09497155622598,0.471368600150846,0
NP-ET-NMPC,12,1.15223435592429,1.15223435592429,3.25925273008297,2.30446871184858,2.30446871184858,0.51850546016593,0
NP-ET-NMPC,13,1.38268122710915,1.38268122710915,3.31110327609956,2.51396586747118,2.51396586747118,0.565642320181015,0
NP-ET-NMPC,14,1.63407781385627,1.63407781385627,3.36766750811766,2.72346302309378,2.72346302309378,0.6127791801961,0
NP-ET-NMPC,15,1.90642411616564,1.90642411616564,3.42894542613727,2.93296017871638,2.93296017871638,0.659916040211184,0
NP-ET-NMPC,16,2.19972013403728,2.19972013403728,3.49493703015839,3.10754114173521,3.10754114173521,0.699196756890421,0
NP-ET-NMPC,17,2.5104742482108,2.5104742482108,3.56485670584743,3.23847686399933,3.23847686399933,0.728657294399849,0
NP-ET-NMPC,18,2.83432193461074,2.83432193461074,3.63772243528742,3.33667865569742,3.33667865569742,0.75075269753192,0
NP-ET-NMPC,19,3.16798980018048,3.16798980018048,3.71279770504061,3.41032999947099,3.41032999947099,0.767324249880973,0
NP-ET-NMPC,20,3.50902280012758,3.50902280012758,3.78953013002871,3.46556850730117,3.46556850730117,0.779752914142763,0
NP-ET-NMPC,21,3.85557965085769,3.85557965085769,3.86750542144298,3.49161926037664,3.49161926037664,0.785614333584743,0
NP-ET-NMPC,22,4.20474157689536,4.20474157689536,3.94606685480146,3.49161926037664,3.49161926037664,0.785614333584743,0
NP-ET-NMPC,23,4.55390350293302,4.55390350293302,4.02462828815993,3.49161926037664,3.49161926037664,0.785614333584743,0
NP-ET-NMPC,24,4.90306542897069,4.90306542897069,4.1031897215184,3.49161926037664,3.49161926037664,0.785614333584743,0
NP-ET-NMPC,25,5.25222735500835,5.25222735500835,4.18175115487688,3.49161926037664,3.49161926037664,0.785614333584743,0
NP-ET-NMPC,26,5.60138928104601,5.60138928104601,4.26031258823535,3.49161926037664,3.49161926037664,0.785614333584743,0
NP-ET-NMPC,27,5.95055120708368,5.95055120708368,4.33887402159383,3.49161926037664,3.49161926037664,0.785614333584743,0
NP-ET-NMPC,28,6.29971313312134,6.29971313312134,4.4174354549523,3.49161926037664,3.49161926037664,0.785614333584744,0
NP-ET-NMPC,29,6.64887505915901,6.64887505915901,4.49599688831078,3.49161926037664,3.49161926037664,0.785614333584744,0
NP-ET-NMPC,30,6.99803698519667,6.99803698519667,4.57455832166925,3.49161926037664,3.49161926037664,0.785614333584744,0
NP-ET-NMPC,31,7.34719891123433,7.34719891123433,4.65311975502772,3.49161926037664,3.49161926037664,0.785614333584744,1
NP-ET-NMPC,32,7.696360837272,7.696360837272,4.7316811883862,3.63856554709897,3.29463713194253,0.951949015593731,1
NP-ET-NMPC,33,8.0602173919819,8.02582455046625,4.82687608994557,3.77134058627702,3.08832252792588,1.11321792377108,1
NP-ET-NMPC,34,8.4373514506096,8.33465680325884,4.93819788232268,3.91076481257743,2.86172095091575,1.23145108704977,1
NP-ET-NMPC,35,8.82842793186734,8.62082889835041,5.06134299102766,4.05666963661363,2.62023646029897,1.2952962408256,1
NP-ET-NMPC,36,9.2340948955287,8.88285254438031,5.19087261511021,4.18847005555746,2.41101347885979,1.28208135407039,1
NP-ET-NMPC,37,9.65294190108445,9.12395389226629,5.31908075051725,4.15273284750214,2.47298078720008,1.28030305920748,1
NP-ET-NMPC,38,10.0682151858347,9.3712519709863,5.447111056438,4.12410300658682,2.53629490913097,1.24859221725025,1
NP-ET-NMPC,39,10.4806254864933,9.62488146189939,5.57197027816303,4.08008691684121,2.57861762178265,1.30522868174631,1
NP-ET-NMPC,40,10.8886341781775,9.88274322407766,5.70249314633766,4.04009934752799,2.61195434156127,1.36209095867462,1
NP-ET-NMPC,41,11.2926441129303,10.1439386582338,5.83870224220512,4.03906140520334,2.57504000862961,1.43358010552378,1
NP-ET-NMPC,42,11.6965502534506,10.4014426590967,5.9820602527575,4.05945401690757,2.49759925054521,1.51090405661278,1
NP-ET-NMPC,43,12.1024956551414,10.6512025841513,6.13315065841878,4.14286876253956,2.41304784989491,1.41909777340797,1
NP-ET-NMPC,44,12.5167825313953,10.8925073691408,6.27506043575957,4.17207056265101,2.32894071419261,1.4730452708715,1
NP-ET-NMPC,45,12.9339895876604,11.12540144056,6.42236496284672,4.14797920981719,2.34792925856587,1.51046240327083,1
NP-ET-NMPC,46,13.3487875086421,11.3601943664166,6.57341120317381,4.11528085434572,2.39602301177101,1.52431532725985,1
NP-ET-NMPC,47,13.7603155940767,11.5997966675937,6.72584273589979,4.11425521865213,2.47786335530823,1.39035865452563,1
NP-ET-NMPC,48,14.1717411159419,11.8475830031245,6.86487860135236,4.09823406674942,2.54810174295644,1.3083023510171,1
NP-ET-NMPC,49,14.5815645226169,12.1023931774202,6.99570883645406,4.09351119658781,2.61925122088618,1.17587802313697,1
NP-ET-NMPC,50,14.9909156422756,12.3643182995088,7.11329663876776,4.0889777648403,2.68568378453417,1.03313283179453,1
NP-ET-NMPC,51,15.3998134187597,12.6328866779622,7.21660992194722,4.0772804546975,2.74530108854083,0.916027306906464,1
NP-ET-NMPC,52,15.8075414642294,12.9074167868163,7.30821265263786,4.07232239711797,2.80456311562957,0.742035056032714,1
NP-ET-NMPC,53,16.2147737039412,13.1878730983793,7.38241615824113,4.05439540455458,2.85773539280346,0.628670285797845,1
NP-ET-NMPC,54,16.6202132443967,13.4736466376596,7.44528318682092,4.03125388552353,2.90838501207821,0.538784494923812,1
NP-ET-NMPC,55,17.023338632949,13.7644851388674,7.4991616363133,3.99119073424663,2.97787262969047,0.450190097852218,1
NP-ET-NMPC,56,17.4224577063737,14.0622724018365,7.54418064609852,3.99775879974615,2.97181035039887,0.431587558108928,1
NP-ET-NMPC,57,17.8222335863483,14.3594534368764,7.58733940190941,4.07232789828691,2.85006589603176,0.541543975232631,1
NP-ET-NMPC,58,18.229466376177,14.6444600264795,7.64149379943268,4.15790350019968,2.68378481661114,0.713538745377386,1
NP-ET-NMPC,59,18.645256726197,14.9128385081406,7.71284767397041,4.23160498101692,2.51427384842735,0.878604746030399,1
NP-ET-NMPC,60,19.0684172242987,15.1642658929834,7.80070814857345,4.30095931116411,2.36429596673785,0.954910249907228,1
NP-ET-NMPC,61,19.4985131554151,15.4006954896572,7.89619917356418,4.36371363383476,2.24080984478511,0.967871149171603,1
NP-ET-NMPC,62,19.9348845187985,15.6247764741357,7.99298628848134,4.43317643561522,2.12968818425239,0.900763525328196,1
NP-ET-NMPC,63,20.3782021623601,15.8377452925609,8.08306264101416,4.48068937442116,2.06141810639012,0.820961704707556,1
NP-ET-NMPC,64,20.8262710998022,16.0438871031999,8.16515881148491,4.35823917538594,1.97704022720285,0.7280747365231,1
NP-ET-NMPC,65,21.2620950173408,16.2415911259202,8.23796628513722,4.09265042802307,1.87144807523763,0.636899549560981,1
NP-ET-NMPC,66,21.6713600601431,16.428735933444,8.30165624009332,3.82152522851847,1.77505988214148,0.552044128842837,1
NP-ET-NMPC,67,22.0535125829949,16.6062419216581,8.3568606529776,3.52583625769511,1.77500431650695,0.50136840047236,1
NP-ET-NMPC,68,22.4060962087644,16.7837423533088,8.40699749302484,3.2414691098462,1.86247923101854,0.462852630254605,1
NP-ET-NMPC,69,22.7302431197491,16.9699902764107,8.4532827560503,2.99275246733077,2.02687716521964,0.429485716009155,1
NP-ET-NMPC,70,23.0295183664821,17.1726779929326,8.49623132765121,3.20441905268571,2.2385469108609,0.4096570644073,1
NP-ET-NMPC,71,23.3499602717507,17.3965326840187,8.53719703409194,3.38984803609319,2.40031134744005,0.391428231400365,1
NP-ET-NMPC,72,23.68894507536,17.6365638187627,8.57633985723198,3.44975766236882,2.36678457466063,0.384745395624741,1
NP-ET-NMPC,73,24.0339208415969,17.8732422762288,8.61481439679445,3.40362349483444,2.20649396569728,0.388101011298151,1
NP-ET-NMPC,74,24.3742831910804,18.0938916727985,8.65362449792427,3.57682857781541,2.03328888439527,0.561306089285826,1
NP-ET-NMPC,75,24.7319660488619,18.297220561238,8.70975510685285,3.39983808778181,1.79217611462109,0.538089743977171,1
NP-ET-NMPC,76,25.0719498576401,18.4764381727001,8.76356408125057,3.19349625228333,1.57455541345126,0.530072428624042,1
NP-ET-NMPC,77,25.3912994828684,18.6338937140453,8.81657132411297,3.36670129355873,1.74776051706115,0.703277526009415,1
NP-ET-NMPC,78,25.7279696122243,18.8086697657514,8.88689907671391,3.53776900571968,1.92202445534436,0.877541457073892,1
NP-ET-NMPC,79,26.0817465127963,19.0008722112858,8.9746532224213,3.60629702658863,2.12854795793689,1.08406495024766,1
NP-ET-NMPC,80,26.4423762154551,19.2137270070795,9.08305971744607,3.73089394009733,2.32151895773455,1.27703593869202,1
NP-ET-NMPC,81,26.8154656094648,19.445878902853,9.21076331131527,3.90409901998915,2.49472404196109,1.45024101684433,1
NP-ET-NMPC,82,27.2058755114638,19.6953513070491,9.35578741299971,3.96938808003616,2.59731573005872,1.58047754443282,1
NP-ET-NMPC,83,27.6028143194674,19.9550828800549,9.51383516744299,3.92052960350089,2.62200714482889,1.65967652286203,1
NP-ET-NMPC,84,27.9948672798175,20.2172835945378,9.67980281972919,3.8729678245055,2.64447206718416,1.73403798004192,1
NP-ET-NMPC,85,28.382164062268,20.4817308012563,9.85320661773338,3.82680206948293,2.66491151275168,1.80383828271958,1
NP-ET-NMPC,86,28.7648442692163,20.7482219525314,10.0335904460053,3.78210638074487,2.68350993204525,1.86934367341681,1
NP-ET-NMPC,87,29.1430549072908,21.0165729457359,10.220524813347,3.73893305791334,2.70043624356032,1.93080907469088,1
NP-ET-NMPC,88,29.5169482130821,21.286616570092,10.4136057208161,3.6995526566772,2.71839129340489,1.98082278773574,1
NP-ET-NMPC,89,29.8869034787498,21.5584556994325,10.6116879995897,3.69334986231038,2.76604767597505,1.92565496618812,1
NP-ET-NMPC,90,30.2562384649809,21.83506046703,10.8042534962085,3.70221575356075,2.82317510531175,1.82298679063635,1
NP-ET-NMPC,91,30.626460040337,22.1173779775611,10.9865521752721,3.63742382242517,2.91491837024228,1.8089772886573,1
NP-ET-NMPC,92,30.9902024225795,22.4088698145854,11.1674499041379,3.53023876204866,3.07682206167685,1.75230713167178,1
NP-ET-NMPC,93,31.3432262987843,22.7165520207531,11.342680617305,3.3679728026409,3.29237606269652,1.67839776645888,1
NP-ET-NMPC,94,31.6800235790484,23.0457896270227,11.5105203939509,3.14611898040149,3.44736563066601,1.79376853848545,1
NP-ET-NMPC,95,31.9946354770886,23.3905261900893,11.6898972477995,2.9129792159988,3.62153811897129,1.84364143476894,1
NP-ET-NMPC,96,32.2859333986885,23.7526800019864,11.8742613912764,2.67401464793211,3.76342231359156,1.9199734769537,1
NP-ET-NMPC,97,32.5533348634817,24.1290222333456,12.0662587389717,2.42889812983948,3.90373925043387,1.96501240186525,1
NP-ET-NMPC,98,32.7962246764656,24.519396158389,12.2627599791583,2.18115909208552,4.02605941154518,2.00833030891862,1
NP-ET-NMPC,99,33.0143405856742,24.9220020995435,12.4635930100501,1.93620686860956,4.16748018116088,1.97058668968925,1
NP-ET-NMPC,100,33.2079612725351,25.3387501176596,12.660651679019,1.70480994599622,4.31070059435278,1.87389525691244,1
NP-ET-NMPC,101,33.3784422671347,25.7698201770949,12.8480412047103,1.48087588900474,4.44305160933055,1.75108509164735,1
NP-ET-NMPC,102,33.5265298560352,26.2141253380279,13.023149713875,1.27415263899054,4.56586881114444,1.59040153796828,1
NP-ET-NMPC,103,33.6539451199343,26.6707122191424,13.1821898676719,1.08495001978283,4.67575822564748,1.40006016651542,1
NP-ET-NMPC,104,33.7624401219125,27.1382880417071,13.3221958843234,0.913210988112369,4.76822004337828,1.19587763133041,1
NP-ET-NMPC,105,33.8537612207238,27.6151100460449,13.4417836474564,1.03991921591415,4.7942542248663,0.966278661527876,1
NP-ET-NMPC,106,33.9577531423152,28.0945354685316,13.5384115136092,1.19831858145717,4.79521479930101,0.754948743888627,1
NP-ET-NMPC,107,34.0775850004609,28.5740569484617,13.6139063879981,1.3492093506564,4.78327881437243,0.547611095648371,1
NP-ET-NMPC,108,34.2125059355266,29.0523848298989,13.6686674975629,1.48839395548271,4.76069360122582,0.34710210101645,1
NP-ET-NMPC,109,34.3613453310748,29.5284541900215,13.7033777076646,1.61253779593627,4.73024778066903,0.15645379558425,1
NP-ET-NMPC,110,34.5225991106685,30.0014789680884,13.719023087223,1.7196545927723,4.69492483664936,-0.0216531699791279,1
NP-ET-NMPC,111,34.6945645699457,30.4709714517533,13.7168577702251,1.81072069903967,4.65688143406781,-0.186402411743624,1
NP-ET-NMPC,112,34.8756366398497,30.9366595951601,13.6982175290507,1.89522023393942,4.61412272083032,-0.343528429659029,1
NP-ET-NMPC,113,35.0651586632436,31.3980718672432,13.6638646860848,1.97346190194282,4.56753652422953,-0.493009352253526,1
NP-ET-NMPC,114,35.2625048534379,31.8548255196661,13.6145637508595,2.04577602406586,4.51793101296177,-0.634901426581699,1
NP-ET-NMPC,115,35.4670824558445,32.3066186209623,13.5510736082013,2.11527547030751,4.46656066822005,-0.758581229549603,1
NP-ET-NMPC,116,35.6786100028752,32.7532746877843,13.4752154852463,2.18521748089473,4.4158970300228,-0.851280201477713,1
NP-ET-NMPC,117,35.8971317509647,33.1948643907866,13.3900874650986,2.25533763657923,4.36785104071248,-0.913963583068901,1
NP-ET-NMPC,118,36.1226655146226,33.6316494948578,13.2986911067917,2.32510036895549,4.32353333704461,-0.949193214128145,1
NP-ET-NMPC,119,36.3551755515182,34.0640028285623,13.2037717853789,2.39384356020775,4.28330692952312,-0.960622067595327,1
NP-ET-NMPC,120,36.5945599075389,34.4923335215146,13.1077095786193,2.46091379114295,4.2469863538818,-0.95237084295152,1
NP-ET-NMPC,121,36.8406512866532,34.9170321569028,13.0124724943242,2.52357132647471,4.21535203324559,-0.928652247080124,1
NP-ET-NMPC,122,37.0930084193007,35.3385673602273,12.9196072696162,2.55628300055177,4.20234960090105,-0.897594035684764,1
NP-ET-NMPC,123,37.3486367193559,35.7588023203174,12.8298478660477,2.57325649689575,4.19657826616309,-0.875832094154715,1
NP-ET-NMPC,124,37.6059623690455,36.1784601469338,12.7422646566322,2.58699220499056,4.19142355412749,-0.859906925907287,1
NP-ET-NMPC,125,37.8646615895445,36.5976025023465,12.6562739640415,2.53058593054614,4.07672792539742,-0.825736507521775,1
NP-ET-NMPC,126,38.1177201825991,37.0052752948862,12.5737003132893,2.41756328886809,3.88024705367239,-0.776928732160473,1
NP-ET-NMPC,127,38.3594765114859,37.3933000002535,12.4960074400733,2.26541574345153,3.62864055316832,-0.718511636985742,1
NP-ET-NMPC,128,38.5860180858311,37.7561640555703,12.4241562763747,2.11159743109452,3.37714537840903,-0.662922934388578,1
NP-ET-NMPC,129,38.7971778289405,38.0938785934112,12.3578639829358,1.94967419306649,3.13099321102375,-0.606443066488206,1
NP-ET-NMPC,130,38.9921452482472,38.4069779145136,12.297219676287,1.78031990247546,2.89019256124816,-0.548700782795375,1
NP-ET-NMPC,131,39.1701772384947,38.6959971706384,12.2423495980075,1.60729609944249,2.65209606689066,-0.490624772613237,1
NP-ET-NMPC,132,39.330906848439,38.9612067773275,12.1932871207462,1.43357614532345,2.41439943552457,-0.432990676991863,0
NP-ET-NMPC,133,39.4742644629713,39.2026467208799,12.149988053047,1.33603001518165,2.20256597036796,-0.398776332166399,0
NP-ET-NMPC,134,39.6078674644895,39.4229033179167,12.1101104198303,1.1983965017768,1.93976987483291,-0.35410835527726,0
SE-ET-NMPC,1,0,0,3,0,0,0,0
SE-ET-NMPC,2,0,0,3,0.209497155622598,0.209497155622598,0.0471368600150846,0
SE-ET-NMPC,3,0.0209497155622598,0.0209497155622598,3.00471368600151,0.418994311245197,0.418994311245197,0.0942737200301692,0
SE-ET-NMPC,4,0.0628491466867795,0.0628491466867795,3.01414105800453,0.628491466867795,0.628491466867795,0.141410580045254,0
SE-ET-NMPC,5,0.125698293373559,0.125698293373559,3.02828211600905,0.837988622490393,0.837988622490393,0.188547440060338,0
SE-ET-NMPC,6,0.209497155622598,0.209497155622598,3.04713686001508,1.04748577811299,1.04748577811299,0.235684300075423,0
SE-ET-NMPC,7,0.314245733433897,0.314245733433897,3.07070529002263,1.25698293373559,1.25698293373559,0.282821160090508,0
SE-ET-NMPC,8,0.439944026807456,0.439944026807456,3.09898740603168,1.46648008935819,1.46648008935819,0.329958020105592,0
SE-ET-NMPC,9,0.586592035743275,0.586592035743275,3.13198320804224,1.67597724498079,1.67597724498079,0.377094880120677,0
SE-ET-NMPC,10,0.754189760241354,0.754189760241354,3.16969269605431,1.88547440060338,1.88547440060338,0.424231740135761,0
SE-ET-NMPC,11,0.942737200301692,0.942737200301692,3.21211587006788,2.09497155622598,2.09497155622598,0.471368600150846,0
SE-ET-NMPC,12,1.15223435592429,1.15223435592429,3.25925273008297,2.30446871184858,2.30446871184858,0.51850546016593,0
SE-ET-NMPC,13,1.38268122710915,1.38268122710915,3.31110327609956,2.51396586747118,2.51396586747118,0.565642320181015,0
SE-ET-NMPC,14,1.63407781385627,1.63407781385627,3.36766750811766,2.72346302309378,2.72346302309378,0.6127791801961,0
SE-ET-NMPC,15,1.90642411616564,1.90642411616564,3.42894542613727,2.93296017871638,2.93296017871638,0.659916040211184,0
SE-ET-NMPC,16,2.19972013403728,2.19972013403728,3.49493703015839,3.10754114173521,3.10754114173521,0.699196756890421,0
SE-ET-NMPC,17,2.5104742482108,2.5104742482108,3.56485670584743,3.23847686399933,3.23847686399933,0.728657294399849,0
SE-ET-NMPC,18,2.83432193461074,2.83432193461074,3.63772243528742,3.33667865569742,3.33667865569742,0.75075269753192,0
SE-ET-NMPC,19,3.16798980018048,3.16798980018048,3.71279770504061,3.41032999947099,3.41032999947099,0.767324249880973,0
SE-ET-NMPC,20,3.50902280012758,3.50902280012758,3.78953013002871,3.46556850730117,3.46556850730117,0.779752914142763,0
SE-ET-NMPC,21,3.85557965085769,3.85557965085769,3.86750542144298,3.49161926037664,3.49161926037664,0.785614333584743,0
SE-ET-NMPC,22,4.20474157689536,4.20474157689536,3.94606685480146,3.49161926037664,3.49161926037664,0.785614333584743,0
SE-ET-NMPC,23,4.55390350293302,4.55390350293302,4.02462828815993,3.49161926037664,3.49161926037664,0.785614333584743,0
SE-ET-NMPC,24,4.90306542897069,4.90306542897069,4.1031897215184,3.49161926037664,3.49161926037664,0.785614333584743,0
SE-ET-NMPC,25,5.25222735500835,5.25222735500835,4.18175115487688,3.49161926037664,3.49161926037664,0.785614333584743,0
SE-ET-NMPC,26,5.60138928104601,5.60138928104601,4.26031258823535,3.49161926037664,3.49161926037664,0.785614333584743,0
SE-ET-NMPC,27,5.95055120708368,5.95055120708368,4.33887402159383,3.49161926037664,3.49161926037664,0.785614333584743,0
SE-ET-NMPC,28,6.29971313312134,6.29971313312134,4.4174354549523,3.49161926037664,3.49161926037664,0.785614333584744,0
SE-ET-NMPC,29,6.64887505915901,6.64887505915901,4.49599688831078,3.49161926037664,3.49161926037664,0.785614333584744,1
SE-ET-NMPC,30,6.99803698519667,6.99803698519667,4.57455832166925,3.66358667441422,3.28001754829933,0.905327323073283,1
SE-ET-NMPC,31,7.36439565263809,7.3260387400266,4.66509105397658,3.83077867287566,3.0543686664207,0.997981367074742,1
SE-ET-NMPC,32,7.74747351992566,7.63147560666867,4.76488919068405,3.97072697670925,2.82700795072314,1.11416036681511,1
SE-ET-NMPC,33,8.14454621759658,7.91417640174099,4.87630522736556,4.10969710444314,2.5867045362668,1.19136449157612,1
SE-ET-NMPC,34,8.5555159280409,8.17284685536767,4.99544167652317,4.2578005391531,2.33952754407066,1.18226284696858,1
SE-ET-NMPC,35,8.98129598195621,8.40679960977473,5.11366796122003,4.31466172721884,2.21195788589841,1.22103910284837,1
SE-ET-NMPC,36,9.41276215467809,8.62799539836457,5.23577187150487,4.25902964324143,2.25994983298699,1.32411980212247,1
SE-ET-NMPC,37,9.83866511900223,8.85399038166327,5.36818385171712,4.29120192495962,2.31481833848754,1.10779154132204,1
SE-ET-NMPC,38,10.2677853114982,9.08547221551203,5.47896300584932,4.34188676593263,2.32034084172557,0.874092495128153,1
SE-ET-NMPC,39,10.7019739880915,9.31750629968458,5.56637225536214,4.4010530843947,2.28439636382303,0.642078656623962,1
SE-ET-NMPC,40,11.1420792965309,9.54594593606689,5.63058012102453,4.35124365612251,2.33778172891884,0.775535449213573,1
SE-ET-NMPC,41,11.5772036621432,9.77972410895877,5.70813366594589,4.4782186447232,2.142459369133,0.59617583116707,1
SE-ET-NMPC,42,12.0250255266155,9.99397004587207,5.7677512490626,4.51588178330225,2.00187257670468,0.774156254173949,1
SE-ET-NMPC,43,12.4766137049457,10.1941573035425,5.84516687447999,4.46465257475482,2.07974604093727,0.861123563689305,1
SE-ET-NMPC,44,12.9230789624212,10.4021319076363,5.93127923084892,4.45063710990844,2.03841358116498,1.01818435856576,1
SE-ET-NMPC,45,13.368142673412,10.6059732657528,6.0330976667055,4.41709331514351,2.13193467197327,0.971669285175149,1
SE-ET-NMPC,46,13.8098520049264,10.8191667329501,6.13026459522301,4.40560045460452,2.22172393516461,0.809090471026025,1
SE-ET-NMPC,47,14.2504120503869,11.0413391264666,6.21117364232562,4.43218616803828,2.09700361054634,0.978928817231255,1
SE-ET-NMPC,48,14.6936306671907,11.2510394875212,6.30906652404874,4.36971911743507,2.22643696203232,0.973926736884639,1
SE-ET-NMPC,49,15.1306025789342,11.4736831837244,6.40645919773721,4.24610490991069,2.47130652738232,0.929105560068313,1
SE-ET-NMPC,50,15.5552130699253,11.7208138364626,6.49936975374404,4.20045823405793,2.5806501069751,0.834503235047283,1
SE-ET-NMPC,51,15.975258893331,11.9788788471602,6.58282007724876,4.11823035781185,2.72277079887585,0.791642530935456,1
SE-ET-NMPC,52,16.3870819291122,12.2511559270477,6.66198433034231,4.05013949886492,2.83557501383009,0.745576542466745,1
SE-ET-NMPC,53,16.7920958789987,12.5347134284308,6.73654198458898,3.96466468440957,2.96212578319036,0.712211193926692,1
SE-ET-NMPC,54,17.1885623474397,12.8309260067498,6.80776310398165,3.86369433405864,3.08538790231346,0.743133625413955,1
SE-ET-NMPC,55,17.5749317808455,13.1394647969811,6.88207646652305,3.76751117500574,3.19597641829413,0.769151662492291,1
SE-ET-NMPC,56,17.9516828983461,13.4590624388105,6.95899163277228,3.69894188704132,3.26408509834226,0.814602594564492,1
SE-ET-NMPC,57,18.3215770870503,13.7854709486448,7.04045189222873,3.67301327951443,3.2605199761697,0.937007435140714,1
SE-ET-NMPC,58,18.6888784150017,14.1115229462617,7.1341526357428,3.64630682025162,3.25525323822828,1.05250792281616,1
SE-ET-NMPC,59,19.0535090970269,14.4370482700846,7.23940342802442,3.61910664992546,3.24857111188215,1.16140121728457,1
SE-ET-NMPC,60,19.4154197620194,14.7619053812728,7.35554354975287,3.59519947026282,3.23559760734514,1.2670630972309,1
SE-ET-NMPC,61,19.7749397090457,15.0854651420073,7.48224985947596,3.61825305890509,3.15685645546738,1.39373674748781,1
SE-ET-NMPC,62,20.1367650149362,15.401150787554,7.62162353422474,3.70725102663189,2.99534397651663,1.5113584246903,1
SE-ET-NMPC,63,20.5074901175994,15.7006851852057,7.77275937669377,3.85042408796351,2.78236582982483,1.55970341150282,1
SE-ET-NMPC,64,20.8925325263957,15.9789217681882,7.92872971784405,4.01380869491911,2.53636958965396,1.5068704669345,1
SE-ET-NMPC,65,21.2939133958876,16.2325587271536,8.0794167645375,3.95937936361943,2.25689369508081,1.60137270101818,1
SE-ET-NMPC,66,21.6898513322496,16.4582480966617,8.23955403463932,3.83761641263269,1.98292627130353,1.59061935382556,1
SE-ET-NMPC,67,22.0736129735129,16.656540723792,8.39861597002188,3.59041797491346,1.83844178257587,1.50108073139771,1
SE-ET-NMPC,68,22.4326547710042,16.8403849020496,8.54872404316165,3.32306271339162,1.84006844057861,1.3649979693728,1
SE-ET-NMPC,69,22.7649610423434,17.0243917461075,8.68522384009893,3.5518243152597,2.01938569510319,1.43925059047478,1
SE-ET-NMPC,70,23.1201434738693,17.2263303156178,8.82914889914641,3.70758935245533,2.20892522556771,1.26658901519314,1
SE-ET-NMPC,71,23.4909024091149,17.4472228381746,8.95580780066572,3.76448744176781,2.33079671048669,1.04002153000259,1
SE-ET-NMPC,72,23.8673511532917,17.6803025092232,9.05980995366598,3.93769252602817,2.15759162733639,1.2132266048626,1
SE-ET-NMPC,73,24.2611204058945,17.8960616719569,9.18113261415224,3.72379996724074,2.03494429268362,1.17886687439326,1
SE-ET-NMPC,74,24.6335004026185,18.0995561012252,9.29901930159156,3.48430467255902,1.87421041356676,1.09636460818582,1
SE-ET-NMPC,75,24.9819308698744,18.2869771425819,9.40865576241015,3.26687896907442,1.67798464252406,1.03139145801649,1
SE-ET-NMPC,76,25.3086187667819,18.4547756068343,9.51179490821179,3.44008394111912,1.8511897830096,1.20459658775686,1
SE-ET-NMPC,77,25.6526271608938,18.6398945851353,9.63225456698748,3.43781861621017,2.06331577629313,1.41672256748716,1
SE-ET-NMPC,78,25.9964090225148,18.8462261627646,9.7739268237362,3.53698385713992,2.26352349558507,1.61693026995452,1
SE-ET-NMPC,79,26.3501074082288,19.0725785123231,9.93561985073165,3.69505381592827,2.44382032657271,1.79722708319443,1
SE-ET-NMPC,80,26.7196127898216,19.3169605449804,10.1153425590511,3.80837422156859,2.58764701713281,1.94945343704729,1
SE-ET-NMPC,81,27.1004502119785,19.5757252466936,10.3102879027558,3.76351880336485,2.6096475876463,2.00640616152639,1
SE-ET-NMPC,82,27.476802092315,19.8366900054583,10.5109285189085,3.72033483604019,2.62988821105587,2.05980501628072,1
SE-ET-NMPC,83,27.848835575919,20.0996788265639,10.7169090205365,3.67883136863508,2.6485172260241,2.10987114881458,1
SE-ET-NMPC,84,28.2167187127825,20.3645305491663,10.927896135418,3.63900463027223,2.66567066184147,2.15681367379171,1
SE-ET-NMPC,85,28.5806191758097,20.6310976153504,11.1435775027972,3.60084017225555,2.68147311408334,2.2008298417458,1
SE-ET-NMPC,86,28.9407031930353,20.8992449267588,11.3636604869717,3.5914969118623,2.72324950609575,2.16450041802556,1
SE-ET-NMPC,87,29.2998528842215,21.1715698773683,11.5801105287743,3.59196252185647,2.7711380747624,2.10204638678138,1
SE-ET-NMPC,88,29.6590491364072,21.4486836848446,11.7903151674524,3.6313355793301,2.8458610457445,1.92729780226237,1
SE-ET-NMPC,89,30.0221826943402,21.733269789419,11.9830449476787,3.66733282810376,2.91534812028322,1.74683006199046,1
SE-ET-NMPC,90,30.3889159771505,22.0248046014473,12.1577279538777,3.69868673157675,2.99790829947525,1.52717461005465,1
SE-ET-NMPC,91,30.7587846503082,22.3245954313949,12.3104454148832,3.6274517757519,3.13676732361777,1.41502097937739,1
SE-ET-NMPC,92,31.1215298278834,22.6382721637566,12.4519475128209,3.50457850650911,3.33030857660892,1.27552901820362,1
SE-ET-NMPC,93,31.4719876785343,22.9713030214175,12.5795004146413,3.28934586397865,3.49928761765222,1.39111105094898,1
SE-ET-NMPC,94,31.8009222649322,23.3212317831828,12.7186115197362,3.06194633777635,3.66545075179673,1.47951188259197,1
SE-ET-NMPC,95,32.1071168987098,23.6877768583624,12.8665627079954,2.83154361001846,3.85258062715917,1.46286817444412,1
SE-ET-NMPC,96,32.3902712597117,24.0730349210783,13.0128495254398,2.58961424326168,3.99489626966973,1.52797312334842,1
SE-ET-NMPC,97,32.6492326840378,24.4725245480453,13.1656468377746,2.34580425488831,4.15095939080249,1.50556917265747,1
SE-ET-NMPC,98,32.8838131095267,24.8876204871256,13.3162037550404,2.11719299699065,4.30532751817823,1.4077104726154,1
SE-ET-NMPC,99,33.0955324092257,25.3181532389434,13.4569748023019,1.89425620837796,4.44554434298757,1.2841062695715,1
SE-ET-NMPC,100,33.2849580300635,25.7627076732421,13.5853854292591,1.68032439863463,4.57047978150886,1.13455915763431,1
SE-ET-NMPC,101,33.452990469927,26.219755651393,13.6988413450225,1.47229385543905,4.67883492200028,0.969976585236471,1
SE-ET-NMPC,102,33.6002198554709,26.6876391435931,13.7958390035461,1.27718673581201,4.77023834203369,0.783339136043593,1
SE-ET-NMPC,103,33.7279385290521,27.1646629777964,13.8741729171505,1.13408196647268,4.83811595541458,0.553617282320826,1
SE-ET-NMPC,104,33.8413467256994,27.6484745733379,13.9295346453826,1.29223394251528,4.81799174974615,0.342179685530055,1
SE-ET-NMPC,105,33.9705701199509,28.1302737483125,13.9637526139356,1.44175970952175,4.78549436260871,0.14273277633383,1
SE-ET-NMPC,106,34.1147460909031,28.6088231845734,13.978025891569,1.57307479690539,4.7458842894531,-0.0449220932655723,1
SE-ET-NMPC,107,34.2720535705936,29.0834116135187,13.9735336822424,1.68438185506741,4.70270498470468,-0.217769587301383,1
SE-ET-NMPC,108,34.4404917561004,29.5536821119891,13.9517567235123,1.77583413494626,4.65901460430044,-0.374160449640126,1
SE-ET-NMPC,109,34.618075169595,30.0195835724192,13.9143406785483,1.86007148163392,4.6116432554438,-0.522379716041795,1
SE-ET-NMPC,110,34.8040823177584,30.4807478979636,13.8621027069441,1.93820135297813,4.5611104039526,-0.663059121247198,1
SE-ET-NMPC,111,34.9979024530562,30.9368589383588,13.7957967948194,2.01054924160793,4.50816718738726,-0.796316744539863,1
SE-ET-NMPC,112,35.198957377217,31.3876756570976,13.7161651203654,2.0797836685631,4.45414875853544,-0.913815478537858,1
SE-ET-NMPC,113,35.4069357440733,31.8330905329511,13.6247835725116,2.1502693691491,4.40198992120814,-0.999413014564564,1
SE-ET-NMPC,114,35.6219626809882,32.2732895250719,13.5248422710551,2.22162478935061,4.35352121712654,-1.05415193751747,1
SE-ET-NMPC,115,35.8441251599233,32.7086416467846,13.4194270773034,2.29314845086165,4.30968790760817,-1.08076839393404,1
SE-ET-NMPC,116,36.0734400050094,33.1396104375454,13.31135023791,2.36399894306872,4.27063196371296,-1.08314894067398,1
SE-ET-NMPC,117,36.3098398993163,33.5666736339167,13.2030353438426,2.43336060586003,4.23593416123704,-1.06565376343049,1
SE-ET-NMPC,118,36.5531759599023,33.9902670500404,13.0964699674995,2.50054587356981,4.20488779457243,-1.03256426881272,1
SE-ET-NMPC,119,36.8032305472593,34.4107558294976,12.9932135406183,2.56368731929017,4.17754236102614,-0.987748526064683,1
SE-ET-NMPC,120,37.0595992791883,34.8285100656002,12.8944386880118,2.57154025422455,4.18522540815698,-0.933310775583352,1
SE-ET-NMPC,121,37.3167533046107,35.2470326064159,12.8011076104535,2.53034999858123,4.22326833045269,-0.87254426459369,1
SE-ET-NMPC,122,37.5697883044689,35.6693594394612,12.7138531839941,2.50219454798358,4.248741943184,-0.828983922805691,1
SE-ET-NMPC,123,37.8200077592672,36.0942336337796,12.6309547917135,2.47975294686246,4.26080431280338,-0.795978291090183,1
SE-ET-NMPC,124,38.0679830539535,36.5203140650599,12.5513569626045,2.39352501047371,4.14668592621919,-0.749026399043005,1
SE-ET-NMPC,125,38.3073355550008,36.9349826576819,12.4764543227002,2.26206580425124,3.94923764003362,-0.692972236945699,1
SE-ET-NMPC,126,38.533542135426,37.3299064216852,12.4071570990056,2.10313952835492,3.70203647446037,-0.632689382260833,1
SE-ET-NMPC,127,38.7438560882615,37.7001100691313,12.3438881607796,1.94835551582125,3.45094828877031,-0.577947876336654,1
SE-ET-NMPC,128,38.9386916398436,38.0452048980083,12.2860933731459,1.78717872366229,3.2038481542659,-0.523509239347338,1
SE-ET-NMPC,129,39.1174095122098,38.3655897134349,12.2337424492112,1.62074722615917,2.96024564568668,-0.469118298440089,1
SE-ET-NMPC,130,39.2794842348257,38.6616142780036,12.1868306193672,1.45242949549623,2.71777445847172,-0.415481884363004,1
SE-ET-NMPC,131,39.4247271843753,38.9333917238507,12.1452824309309,1.28501525067638,2.47438162276625,-0.363209538340965,0
SE-ET-NMPC,132,39.553228709443,39.1808298861274,12.1089614770968,1.18445769089725,2.25854797260166,-0.325434998774515,0
SE-ET-NMPC,133,39.6716744785327,39.4066846833875,12.0764179772193,1.05352669305699,1.99208285223543,-0.28238371037606,0
3D-APF,1,0,0,3,0,0,0,0
3D-APF,2,0,0,3,0.209497155622598,0.209497155622598,0.0471368600150846,0
3D-APF,3,0.0209497155622598,0.0209497155622598,3.00471368600151,0.418994311245197,0.418994311245197,0.0942737200301692,0
3D-APF,4,0.0628491466867795,0.0628491466867795,3.01414105800453,0.628491466867795,0.628491466867795,0.141410580045254,0
3D-APF,5,0.125698293373559,0.125698293373559,3.02828211600905,0.837988622490393,0.837988622490393,0.188547440060338,0
3D-APF,6,0.209497155622598,0.209497155622598,3.04713686001508,1.04748577811299,1.04748577811299,0.235684300075423,0
3D-APF,7,0.314245733433897,0.314245733433897,3.07070529002263,1.25698293373559,1.25698293373559,0.282821160090508,0
3D-APF,8,0.439944026807456,0.439944026807456,3.09898740603168,1.46648008935819,1.46648008935819,0.329958020105592,0
3D-APF,9,0.586592035743275,0.586592035743275,3.13198320804224,1.67597724498079,1.67597724498079,0.377094880120677,0
3D-APF,10,0.754189760241354,0.754189760241354,3.16969269605431,1.88547440060338,1.88547440060338,0.424231740135761,0
3D-APF,11,0.942737200301692,0.942737200301692,3.21211587006788,2.09497155622598,2.09497155622598,0.471368600150846,0
3D-APF,12,1.15223435592429,1.15223435592429,3.25925273008297,2.30446871184858,2.30446871184858,0.518505460165931,0
3D-APF,13,1.38268122710915,1.38268122710915,3.31110327609956,2.51396586747118,2.51396586747118,0.565642320181015,0
3D-APF,14,1.63407781385627,1.63407781385627,3.36766750811766,2.72346302309378,2.72346302309378,0.6127791801961,0
3D-APF,15,1.90642411616564,1.90642411616564,3.42894542613727,2.93296017871638,2.93296017871638,0.659916040211185,0
3D-APF,16,2.19972013403728,2.19972013403728,3.49493703015839,3.14245733433897,3.14245733433897,0.707052900226269,0
3D-APF,17,2.51396586747118,2.51396586747118,3.56564232018102,3.35195448996157,3.35195448996157,0.754189760241354,0
3D-APF,18,2.84916131646734,2.84916131646734,3.64106129620515,3.49161926037664,3.49161926037664,0.785614333584744,0
3D-APF,19,3.198323242505,3.198323242505,3.71962272956363,3.49161926037664,3.49161926037664,0.785614333584744,0
3D-APF,20,3.54748516854266,3.54748516854266,3.7981841629221,3.49161926037664,3.49161926037664,0.785614333584744,0
3D-APF,21,3.89664709458033,3.89664709458033,3.87674559628058,3.49161926037664,3.49161926037664,0.785614333584744,0
3D-APF,22,4.24580902061799,4.24580902061799,3.95530702963905,3.49162457823341,3.49161290515742,0.785618944027279,0
3D-APF,23,4.59497147844133,4.59497031113373,4.03386892404178,3.49162969465245,3.49160368916873,0.785637163838709,0
3D-APF,24,4.94413444790658,4.94413068005061,4.11243264042565,3.4916310624357,3.49159407351908,0.785673818833638,0
3D-APF,25,5.29329755415015,5.29329008740251,4.19100002230901,3.49162419555094,3.49158706284185,0.785735489613821,0
3D-APF,26,5.64245997370524,5.6424487936867,4.26957357127039,3.49160402916674,3.49158568530081,0.785831219607028,0
3D-APF,27,5.99162037662192,5.99160736221678,4.3481566932311,3.49156760521024,3.49159008251824,0.78597350712776,0
3D-APF,28,6.34077713714294,6.3407663704686,4.42675404394387,3.4915217492686,3.49158946545315,0.786179927956008,0
3D-APF,29,6.6899293120698,6.68992531701392,4.50537203673947,3.49150218430493,3.49154230288986,0.78647621968149,0
3D-APF,30,7.03907953050029,7.0390795473029,4.58401965870762,3.4916177822158,3.4913305211893,0.786903078356209,0
3D-APF,31,7.38824130872187,7.38821259942183,4.66270996654324,3.49214967933086,3.49065649621562,0.787532756510555,0
3D-APF,32,7.73745627665496,7.7372782490434,4.7414632421943,3.49377688477425,3.48880657675949,0.788512364758419,0
3D-APF,33,8.08683396513238,8.08615890671934,4.82031447867014,3.49814082797505,3.48405188157698,0.790185569429047,0
3D-APF,34,8.43664804792989,8.43456409487704,4.89933303561305,3.51017939985212,3.47121338615695,0.793295788857234,0
3D-APF,35,8.7876659879151,8.78168543349274,4.97866261449877,3.54301932710705,3.43670104821971,0.797558745743203,0
3D-APF,36,9.14196792062581,9.12535553831471,5.05841848907309,3.59988786036327,3.37661966673231,0.799529248399178,0
3D-APF,37,9.50195670666213,9.46301750498794,5.13837141391301,3.65058543945252,3.32252833227724,0.796260906030375,0
3D-APF,38,9.86701525060738,9.79527033821566,5.21799750451605,3.67411717625351,3.29769361862365,0.791252028653202,0
3D-APF,39,10.2344269682327,10.125039700078,5.29712270738137,3.67755686691725,3.29475177581423,0.787519032378735,0
3D-APF,40,10.6021826549245,10.4545148776595,5.37587461061924,3.67223486638502,3.30119204496435,0.785380269914047,0
3D-APF,41,10.969406141563,10.7846340821559,5.45441263761064,3.66394056055291,3.31066254082515,0.784253217725242,0
3D-APF,42,11.3358001976183,11.1157003362384,5.53283795938317,3.65453036365588,3.32117738171766,0.783701869516897,0
3D-APF,43,11.7012532339838,11.4478180744102,5.61120814633486,3.64484419543321,3.33184178244783,0.783543953937285,0
3D-APF,44,12.0657376535272,11.781002252655,5.68956254172859,3.63532649662134,3.3421793112222,0.783733828924811,0
3D-APF,45,12.4292703031893,12.1152201837772,5.76793592462107,3.62633927743459,3.35178478778063,0.784348252587763,0
3D-APF,46,12.7919042309328,12.4503986625552,5.84637074987984,3.61849772537178,3.3599399490784,0.785670255301986,0
3D-APF,47,13.1537540034699,12.7863926574631,5.92493777541004,3.61365679450367,3.36447393555236,0.788542775330685,0
3D-APF,48,13.5151196829203,13.1228400510183,6.00379205294311,3.62077882116056,3.35498039587106,0.796283411579106,0
3D-APF,49,13.8771975650364,13.4583380906054,6.08342039410102,3.76354839931965,3.18179311520253,0.843739306911932,0
3D-APF,50,14.2535524049683,13.7765174021257,6.16779432479222,3.69614654154661,2.89020876756484,0.822869285794449,0
3D-APF,51,14.623167059123,14.0655382788822,6.25008125337166,3.65150534901765,2.59491826196968,0.794396821290173,0
3D-APF,52,14.9883175940248,14.3250301050791,6.32952093550068,3.9068020444666,2.45017862487124,0.856638565686207,0
3D-APF,53,15.3789977984714,14.5700479675662,6.4151847920693,4.11305474577758,2.23453967886177,0.887617077042452,0
3D-APF,54,15.7903032730492,14.7935019354524,6.50394649977354,4.2936453088073,1.99566845153444,0.869517759382876,0
3D-APF,55,16.2196678039299,14.9930687806059,6.59089827571183,4.53138061813144,1.81273873793548,0.865200053607842,0
3D-APF,56,16.672805865743,15.1743426543994,6.67741828107262,4.63793583910878,1.66545726765492,0.846051559850684,0
3D-APF,57,17.1365994496539,15.3408883811649,6.76202343705768,4.65233419019384,1.6339871906546,0.828174162558894,0
3D-APF,58,17.6018328686733,15.5042871002304,6.84484085331357,4.63118551504598,1.69689870639514,0.820155781216459,0
3D-APF,59,18.0649514201779,15.6739769708699,6.92685643143522,4.59347524619859,1.79774584008184,0.817370819780892,0
3D-APF,60,18.5242989447978,15.8537515548781,7.00859351341331,4.54787125636967,1.91043317414545,0.816769320316992,0
3D-APF,61,18.9790860704347,16.0447948722926,7.09027044544501,4.49798584559928,2.02498268376024,0.817048629678629,0
3D-APF,62,19.4288846549947,16.2472931406686,7.17197530841287,4.44576984775024,2.13696001824393,0.81763827042386,0
3D-APF,63,19.8734616397697,16.460989142493,7.25373913545526,4.39254599998192,2.24408045207106,0.818316908462337,0
3D-APF,64,20.3127162397679,16.6853971877001,7.33557082630149,4.33958783701203,2.34459393561074,0.819058411808664,0
3D-APF,65,20.7466750234691,16.9198565812612,7.41747666748236,4.28870047575217,2.43610466603949,0.820025783365226,0
3D-APF,66,21.1755450710443,17.1634670478652,7.49947924581888,4.24327745499744,2.51381909241846,0.821772480984206,0
3D-APF,67,21.599872816544,17.414848957107,7.5816564939173,4.21087614288368,2.56638048207143,0.825962063617847,0
3D-APF,68,22.0209604308324,17.6714870053142,7.66425270027908,4.21498272524806,2.55568631558403,0.838085963488824,0
3D-APF,69,22.4424587033572,17.9270556368726,7.74806129662797,4.31960679190646,2.3664432759805,0.860780683381234,0
3D-APF,70,22.8744193825478,18.1636999644706,7.83413936496609,4.42600582508785,2.16256715950247,0.85660709600715,0
3D-APF,71,23.3170199650566,18.3799566804209,7.91980007456681,4.47200169538271,2.07330552141292,0.83821539676437,0
3D-APF,72,23.7642201345949,18.5872872325621,8.00362161424324,4.4575178443534,2.10957977819566,0.824747128942548,0
3D-APF,73,24.2099719190302,18.7982452103817,8.0860963271375,4.41422906031659,2.20100150080317,0.818641677731301,0
3D-APF,74,24.6513948250619,19.018345360462,8.16796049491063,4.3595541560933,2.30796245698935,0.817066005422665,0
3D-APF,75,25.0873502406712,19.249141606161,8.24966709545289,4.30152512052479,2.41373102870245,0.819014138201025,0
3D-APF,76,25.5175027527237,19.4905147090312,8.331568509273,4.24708644801308,2.50608546795727,0.825707169883501,0
3D-APF,77,25.942211397525,19.7411232558269,8.41413922626135,4.21443751990169,2.55492471913909,0.843134669182177,0
3D-APF,78,26.3636551495152,19.9966157277408,8.49845269317956,4.28438382440053,2.42024577512917,0.88682897628826,0
3D-APF,79,26.7920935319552,20.2386403052538,8.58713559080839,4.41697071753754,2.15626607287677,0.916998529647964,0
3D-APF,80,27.233790603709,20.4542669125414,8.67883544377319,4.53764195638917,1.88321660647906,0.929139757355239,0
3D-APF,81,27.6875547993479,20.6425885731894,8.77174941950871,4.64068783344607,1.61324171296495,0.928152793485828,0
3D-APF,82,28.1516235826925,20.8039127444858,8.86456469885729,4.7176198399251,1.37802930721543,0.919292268215309,0
3D-APF,83,28.623385566685,20.9417156752074,8.95649392567882,4.65802869021188,1.56622363352284,0.921798378691088,0
3D-APF,84,29.0891884357062,21.0983380385597,9.04867376354793,4.56990406678356,1.81176551310914,0.91295265260772,0
3D-APF,85,29.5461788423846,21.2795145898706,9.13996902880871,4.48546302467856,2.01876891006362,0.897325772505148,0
3D-APF,86,29.9947251448524,21.4813914808769,9.22970160605922,4.39666898238052,2.21048710995306,0.884900331169763,0
3D-APF,87,30.4343920430905,21.7024401918723,9.3181916391762,4.30498581650598,2.38788266611738,0.87470766118658,0
3D-APF,88,30.8648906247411,21.941228458484,9.40566240529485,4.21106171900043,2.55295695726677,0.865661581169187,0
3D-APF,89,31.2859967966411,22.1965241542107,9.49222856341177,4.11513081570384,2.70763362371108,0.856982222332438,0
3D-APF,90,31.6975098782115,22.4672875165818,9.57792678564502,4.01728609971273,2.85340155219498,0.848240517180215,0
3D-APF,91,32.0992384881828,22.7526276718013,9.66275083736304,3.91754629854462,2.99137999486359,0.839331117670065,0
3D-APF,92,32.4909931180372,23.0517656712876,9.74668394913004,3.81572693210623,3.12257896531557,0.830498997571882,0
3D-APF,93,32.8725658112479,23.3640235678192,9.82973384888723,3.7110924086657,3.24827497474968,0.822497916568066,0
3D-APF,94,33.2436750521144,23.6888510652942,9.91198364054404,3.60125247181998,3.37090049733569,0.817319075558926,0
3D-APF,95,33.6038002992964,24.0259411150277,9.99371554809993,3.47852391419661,3.4965004221085,0.821191924313292,0
3D-APF,96,33.9516526907161,24.3755911572386,10.0758347405313,3.31513339771643,3.64301226042686,0.859274243606025,0
3D-APF,97,34.2831660304877,24.7398923832813,10.1617621648919,3.0780156218294,3.7753246838234,0.986822599037692,0
3D-APF,98,34.5909675926707,25.1174248516636,10.2604444247956,2.80488309445549,3.74177538756147,1.10629254174576,0
3D-APF,99,34.8714559021162,25.4916023904197,10.3710736789702,2.53665124180641,3.71047641622849,1.23695258773512,0
3D-APF,100,35.1251210262969,25.8626500320426,10.4947689377437,2.27843404340064,3.73161312947722,1.38820442342816,0
3D-APF,101,35.3529644306369,26.2358113449903,10.6335893800865,2.04401428828496,3.81660195280035,1.55501053339315,0
3D-APF,102,35.5573658594654,26.6174715402704,10.7890904334259,1.83802918696925,3.94859002816711,1.72864603090716,0
3D-APF,103,35.7411687781623,27.0123305430871,10.9619550365166,1.60345339310163,3.83623254882548,1.87814517393939,0
3D-APF,104,35.9015141174725,27.3959537979696,11.1497695539105,1.52433041670338,3.54686796183758,1.8809183315629,0
RRT*,1,0,0,3,0,0,0,0
RRT*,2,0,0,3,0.221553845060747,0.190805542600184,0.0671352266090432,0
RRT*,3,0.0221553845060747,0.0190805542600184,3.0067135226609,0.443107690121495,0.381611085200369,0.134270453218086,0
RRT*,4,0.0664661535182242,0.0572416627800553,3.02014056798271,0.664661535182242,0.572416627800553,0.20140567982713,0
RRT*,5,0.132932307036448,0.114483325560111,3.04028113596543,0.88621538024299,0.763222170400737,0.268540906436173,0
RRT*,6,0.221553845060747,0.190805542600184,3.06713522660904,1.10776922530374,0.954027713000922,0.335676133045216,0
RRT*,7,0.332330767591121,0.286208313900277,3.10070283991356,1.32932307036448,1.14483325560111,0.402811359654259,0
RRT*,8,0.46526307462757,0.400691639460387,3.14098397587899,1.55087691542523,1.33563879820129,0.469946586263302,0
RRT*,9,0.620350766170093,0.534255519280516,3.18797863450532,1.77243076048598,1.52644434080147,0.537081812872345,0
RRT*,10,0.797593842218691,0.686899953360663,3.24168681579255,1.99398460554673,1.71724988340166,0.604217039481389,0
RRT*,11,0.996992302773363,0.858624941700829,3.30210851974069,2.21553845060747,1.90805542600184,0.671352266090432,0
RRT*,12,1.21854614783411,1.04943048430101,3.36924374634974,2.43709229566822,2.09886096860203,0.738487492699475,0
RRT*,13,1.46225537740093,1.25931658116122,3.44309249561968,2.65864614072897,2.28966651120221,0.805622719308518,0
RRT*,14,1.72811999147383,1.48828323228144,3.52365476755054,2.88019998578972,2.4804720538024,0.872757945917562,0
RRT*,15,2.0161399900528,1.73633043766168,3.61093056214229,3.10175383085046,2.67127759640258,0.939893172526605,0
RRT*,16,2.32631537313785,2.00345819730194,3.70491987939495,3.32330767591121,2.86208313900277,1.00702839913565,0
RRT*,17,2.65864614072897,2.28966651120221,3.80562271930852,3.54486152097196,3.05288868160295,1.07416362574469,0
RRT*,18,3.01313229282616,2.59495537936251,3.91303908188299,3.69256408434579,3.18009237666974,1.11892044348405,0
RRT*,19,3.38238870126074,2.91296461702948,4.02493112623139,3.69256408434579,3.18009237666974,1.11892044348405,0
RRT*,20,3.75164510969532,3.23097385469646,4.1368231705798,3.69256408434579,3.18009237666974,1.11892044348405,0
RRT*,21,4.1209015181299,3.54898309236343,4.2487152149282,3.69256408434579,3.18009237666974,1.11892044348405,0
RRT*,22,4.49015792656448,3.8669923300304,4.36060725927661,3.64651486835914,3.21428692650921,1.17102043915026,0
RRT*,23,4.85480941340039,4.18842102268133,4.47770930319163,3.60191042144856,3.24608921959371,1.22030573804181,0
RRT*,24,5.21500045554525,4.5130299446407,4.59973987699581,3.55876687373076,3.27567842183068,1.26692904899583,0
RRT*,25,5.57087714291833,4.84059778682377,4.7264327818954,3.51708828044475,3.30322123246506,1.31103757266913,0
RRT*,26,5.9225859709628,5.17091991007027,4.85753653916231,3.47686833174285,3.32887253963688,1.35277278896908,0
RRT*,27,6.27027280413709,5.50380716403396,4.99281381805922,3.43809185810268,3.35277610424136,1.39227036529411,0
RRT*,28,6.61408198994735,5.8390847744581,5.13204085458863,3.40073614244396,3.37506525781935,1.42966016763991,0
RRT*,29,6.95415560419175,6.17659130024003,5.27500687135262,3.36477204913842,3.3958636039866,1.46506636042739,0
RRT*,30,7.29063280910559,6.51617766063869,5.42151350739536,3.33016497819945,3.4152857163742,1.49860758489479,0
RRT*,31,7.62364930692554,6.85770623227611,5.57137426588484,3.29687564984703,3.43343782936772,1.53039721030599,0
RRT*,32,7.95333687191024,7.20105001521288,5.72441398691544,3.2648607199511,3.45041852134551,1.56054365747204,0
RRT*,33,8.27982294390535,7.54609186734743,5.88046835266264,3.23407321976928,3.46631939400536,1.58915080087244,0
RRT*,34,8.60323026588228,7.89272380674797,6.03938343274988,3.20446280242757,3.48122575636013,1.61631846525147,0
RRT*,35,8.92367654612504,8.24084638238398,6.20101527927503,3.17597576094857,3.4952173291848,1.64214304725058,0
RRT*,36,9.24127412221989,8.59036811530246,6.36522958400009,3.14855475287732,3.50836899719691,1.66671831682538,0
RRT*,37,9.55612959750763,8.94120501502215,6.53190141568263,3.12213811364033,3.5207516562412,1.69013649579828,0
RRT*,38,9.86834340887166,9.29328018064627,6.70091506526246,3.09665854087068,3.53243324022499,1.71248979109548,0
RRT*,39,10.1780092629587,9.64652350466877,6.872164044372,3.07204072978992,3.54348008837748,1.7338727224869,0
RRT*,40,10.4852133359377,10.0008715135065,7.04555131662069,2.96785897386602,3.6453134250647,1.70396688473866,0
RRT*,41,10.7819992333243,10.365402856013,7.21594800509456,2.86450234786245,3.74082302575608,1.67357981257652,0
RRT*,42,11.0684494681106,10.7394851585886,7.38330598635221,2.91369712381403,3.7346672739567,1.60082148396211,0
RRT*,43,11.359819180492,11.1129518859843,7.54338813474842,2.95948745689409,3.7277643508977,1.53140684883633,0
RRT*,44,11.6557679261814,11.485728321074,7.69652881963206,3.00211324499056,3.72026595203006,1.46524308918969,0
RRT*,45,11.9559792506804,11.857754916277,7.84305312855103,3.04179937932141,3.7123049727113,1.40222976916867,0
RRT*,46,12.2601591886126,12.2289854135482,7.98327610546789,3.07875614094224,3.70399732598815,1.34226094098094,0
RRT*,47,12.5680348027068,12.599385146147,8.11750219956599,3.11317971802313,3.69544364990498,1.28522693469533,0
RRT*,48,12.8793527745091,12.9689295111375,8.24602489303552,3.14525280843437,3.68673089684787,1.23101586718571,0
RRT*,49,13.1938780553526,13.3376026008223,8.36912647975409,3.1751452786888,3.67793380195479,1.17951490353391,0
RRT*,50,13.5113925832214,13.7053959810178,8.48707797010748,3.20301485592409,3.66911623104494,1.13061130182399,0
RRT*,51,13.8316940688138,14.0723076041222,8.60013910028988,3.22900783442262,3.66033241103954,1.08419326963916,0
RRT*,52,14.1545948522561,14.4383408452262,8.7085584272538,3.25325978223101,3.6516280476317,1.04015065787014,0
RRT*,53,14.4799208304792,14.8035036499894,8.81257349304081,3.27589623683326,3.64304133616507,0.998375514771024,0
RRT*,54,14.8075104541625,15.1678077836059,8.91241104451791,3.2970333816321,3.63460387242316,0.95876252063281,0
